Price,Close,High,Low,Open,Volume
Ticker,AAPL,AAPL,AAPL,AAPL,AAPL
2015-01-02,24.19260597229004,24.659508126434403,23.754469685489944,24.648443422251393,212818400
2015-01-05,23.511064529418945,24.042138324672056,23.325189629610737,23.962477170972235,257142000
2015-01-06,23.513269424438477,23.7721672375332,23.15258108261458,23.575227702283048,263188400
2015-01-07,23.84297752380371,23.942553088747736,23.610632287952324,23.721272554884127,160423600
2015-01-08,24.759077072143555,24.816610479641703,24.053191678114224,24.17047177100101,237458000
2015-01-09,24.785633087158203,25.06002047662429,24.387327450645735,24.931677361721775,214798000
2015-01-12,24.174894332885742,24.922821806083213,24.075318784383448,24.91618366128122,198603200
2015-01-13,24.38953971862793,24.96044387790698,24.099662771315515,24.657288951103045,268367600
2015-01-14,24.296602249145508,24.44928466294763,24.008936892193326,24.128428577931782,195826400
2015-01-15,23.637187957763672,24.35413645717828,23.60178394813456,24.34086016459694,240056000
2015-01-16,23.45352554321289,23.805362503417978,23.27871370223808,23.68365752291758,314053200
2015-01-20,24.0576229095459,24.11294304990514,23.56637979303794,23.862894935009866,199599600
2015-01-21,24.24128532409668,24.57541774452879,23.95804479734744,24.108515641336837,194303600
2015-01-22,24.87193489074707,24.88742446217416,24.278902931738003,24.39839463484841,215185600
2015-01-23,25.000276565551758,25.17066184134601,24.67941876430255,24.849805728333372,185859200
2015-01-26,25.026830673217773,25.30564464790185,24.960447519022203,25.168450094718995,222460000
2015-01-27,24.150562286376953,24.8896402990191,24.1262212875984,24.876362316261897,382274800
2015-01-28,25.51586151123047,26.137661049350434,25.51586151123047,26.02923235653945,585908400
2015-01-29,26.31026268005371,26.37443425420899,25.57118462619374,25.739358348523538,337745600
2015-01-30,25.925235748291016,26.553671838105764,25.85663761470809,26.199623217911753,334982000
2015-02-02,26.25051498413086,26.3700067016786,25.68625050976509,26.122173528901243,250956400
2015-02-03,26.254940032958984,26.352302335998324,26.02480803700248,26.221747609729693,207662800
2015-02-04,26.456300735473633,26.66651826072673,26.179700061379986,26.22174390407791,280598800
2015-02-05,26.6451416015625,26.70956644149515,26.49185485500207,26.66291262696814,168984800
2015-02-06,26.42076301574707,26.714006091744032,26.314128399521028,26.662909949721197,174826400
2015-02-09,26.59625816345215,26.622915539684453,26.309679504659737,26.336338575791345,155559200
2015-02-10,27.107215881347656,27.136096970685305,26.69401122096662,26.69623153945443,248034000
2015-02-11,27.742576599121094,27.75146295792522,27.213850962022807,27.27383176532612,294247200
2015-02-12,28.09357261657715,28.32017046811168,27.895855847141654,28.004710747247906,297898000
2015-02-13,28.231311798095703,28.275741890345774,27.913631723299513,28.275741890345774,217088800
2015-02-17,28.397930145263672,28.6311923911294,28.195769306193434,28.322396946689228,252609600
2015-02-18,28.595645904541016,28.608974594134033,28.313509545559175,28.353497309237724,179566800
2015-02-19,28.535661697387695,28.664511338711634,28.50900431980301,28.542326041783866,149449600
2015-02-20,28.76892852783203,28.76892852783203,28.446806067835475,28.573432021439938,195793600
2015-02-23,29.546466827392578,29.546466827392578,28.80447366197079,28.88444919649405,283896400
2015-02-24,29.36206817626953,29.679749882020854,29.139914369936434,29.533127556289475,276912400
2015-02-25,28.611196517944336,29.235451763904805,28.469018171309017,29.226563710478064,298846800
2015-02-26,28.973308563232422,29.07327713106697,28.126902824541162,28.61119665484146,365150000
2015-02-27,28.537885665893555,29.006630434896266,28.4890115466763,28.880001110615524,248059200
2015-03-02,28.677839279174805,28.94220289932046,28.502339231657224,28.713384708226034,192386800
2015-03-03,28.737821578979492,28.773367007798193,28.455685246153877,28.6489613967314,151265200
2015-03-04,28.555660247802734,28.782258170449772,28.506789509388113,28.680069276765426,126665200
2015-03-05,28.082475662231445,28.602314981152542,27.93807528645344,28.56454922445823,226068400
2015-03-06,28.12467384338379,28.740039191507673,28.04914235660361,28.52454971055372,291368400
2015-03-09,28.244640350341797,28.784475968478535,27.782559935616113,28.426806439526047,354114000
2015-03-10,27.660377502441406,28.26241425789635,27.502648465689692,28.08247017418936,275426400
2015-03-11,27.156085968017578,27.718134933579027,27.127206577874272,27.713692602364425,275756000
2015-03-12,27.647048950195312,27.747019210467062,27.02057509311064,27.171639795275006,193450800
2015-03-13,27.455997467041016,27.85809714605445,27.23162326651431,27.635943264020362,207309200
2015-03-16,27.75812339782715,27.75812339782715,27.296044669322946,27.520418841684812,143497200
2015-03-17,28.222434997558594,28.28463782573203,27.91364117562621,27.969179657195344,204092400
2015-03-18,28.54010772705078,28.693394438520734,28.073584942676437,28.21354126951889,261083600
2015-03-19,28.324617385864258,28.71338664410161,28.30240233865916,28.602309713176652,183238000
2015-03-20,27.969175338745117,28.524558373785165,27.80478193325487,28.491236645908533,274780400
2015-03-23,28.260194778442383,28.40237312558268,28.106908059378792,28.240201742859963,150838800
2015-03-24,28.144678115844727,28.444583846778304,28.11579702412687,28.264641425158008,131369200
2015-03-25,27.409347534179688,28.173557491497697,27.409347534179688,28.111354670767113,206620800
2015-03-26,27.600393295288086,27.742571620841588,27.236061124194826,27.271606553032868,190291600
2015-03-27,27.38046646118164,27.702588918059213,27.304934953461245,27.673709523030762,158184800
2015-03-30,28.073577880859375,28.08024222404698,27.5470727353507,27.558181103929424,188398800
2015-03-31,27.64260482788086,28.100241236455535,27.62705412549918,28.011379353603317,168362400
2015-04-01,27.602624893188477,27.795899416085437,27.347147543124656,27.72925256132099,162485600
2015-04-02,27.840320587158203,27.893637036917603,27.589287345262466,27.77589576687005,128880400
2015-04-06,28.291296005249023,28.32684143925686,27.620392039897094,27.65149344720416,148776000
2015-04-07,27.993614196777344,28.46235737958407,27.98694985077485,28.355724453744553,140049200
2015-04-08,27.90253257751465,28.08025639507013,27.76257621524716,27.958071058638243,149316800
2015-04-09,28.115800857543945,28.120244885290955,27.69370974617701,27.958071770524725,129936000
2015-04-10,28.235755920410156,28.260192981167595,27.82699362210292,27.98027863651839,160752000
2015-04-13,28.180221557617188,28.56232822738355,28.126905096791532,28.517894736045996,145460400
2015-04-14,28.058040618896484,28.277972523909053,27.971400726167293,28.21354768407711,102098400
2015-04-15,28.164670944213867,28.24242446960834,27.99361318834602,28.082475086611023,115881600
2015-04-16,28.02915382385254,28.235756994085587,28.0158251338051,28.05359088553921,113476000
2015-04-17,27.71369743347168,28.022491201146448,27.649272602783466,27.891421221225347,207828000
2015-04-20,28.34684181213379,28.46236111276163,27.807007681428647,27.895869594550074,188217200
2015-04-21,28.193552017211914,28.480129054206348,28.14023386134807,28.457915698279347,129740400
2015-04-22,28.57342529296875,28.628963751952003,28.062472487262376,28.21131515056167,150618000
2015-04-23,28.80669403076172,28.9733094454926,28.466798855894666,28.502344291255753,183083600
2015-04-24,28.942201614379883,29.01995681325253,28.70893940756047,28.988855411663177,178103600
2015-04-27,29.468708038330078,29.575344331297668,29.135477249853828,29.39317653982719,387816800
2015-04-28,29.004413604736328,29.888585206951774,28.784483405905128,29.870815877385294,475696000
2015-04-29,28.57787322998047,29.233226457714377,28.502341728977694,28.915548055956197,253544400
2015-04-30,27.802555084228516,28.577871557806247,27.675927455621842,28.577871557806247,332781600
2015-05-01,28.64673614501953,28.908879431182097,27.8358760088577,28.013598058675683,234050400
2015-05-04,28.591201782226562,29.00663181534385,28.49345353914014,28.768925552401967,203953200
2015-05-05,27.94695281982422,28.535659120311355,27.942508794028523,28.46901229256979,197085600
2015-05-06,27.77145767211914,28.15800495791627,27.404903422444445,28.11579517734717,288564000
2015-05-07,27.943233489990234,28.126160542069265,27.66661076578918,27.83392215617779,175763600
2015-05-08,28.469701766967773,28.469701766967773,28.132847750663366,28.260004316794557,222201600
2015-05-11,28.179697036743164,28.456318032718876,28.02577002755684,28.41839452963739,168143200
2015-05-12,28.079309463500977,28.304620877619083,27.845072870312944,28.01907641863355,192640000
2015-05-13,28.11054229736328,28.37377892879897,28.07931097685221,28.141773617874353,138776800
2015-05-14,28.766393661499023,28.766393661499023,28.367078789541296,28.422849232236704,180814000
2015-05-15,28.72624969482422,28.88686889308668,28.601324408166477,28.79317492809337,152832000
2015-05-18,29.043027877807617,29.161260991208557,28.634787665816834,28.63925025612226,203531600
2015-05-19,29.016252517700195,29.196948238276978,28.920325569814313,29.154562149952394,178532800
2015-05-20,29.014019012451172,29.219253864567587,28.853399840541243,29.000634648785045,145819600
2015-05-21,29.310726165771484,29.3642670389056,28.96271900029755,29.016259873431665,158921600
2015-05-22,29.567264556884766,29.66319151483739,29.31295140420748,29.35757049383677,182384000
2015-05-26,28.91586685180664,29.649808007569362,28.804325932422774,29.58065318218476,282790400
2015-05-27,29.455724716186523,29.50480299340374,29.0117940322109,29.076486268201553,183332800
2015-05-28,29.397722244262695,29.435645745544992,29.246028239133516,29.41556919850586,122933200
2015-05-29,29.06309700012207,29.32410230095591,28.978324825780795,29.275024032017086,203538000
2015-06-01,29.12110137939453,29.310722301615094,29.011793458266705,29.06310132744831,128451200
2015-06-02,28.991714477539062,29.147871068876178,28.848942250608214,28.96940493422302,134670400
2015-06-03,29.027395248413086,29.210323911185125,28.978316992740453,29.147861295594,123934000
2015-06-04,28.857864379882812,29.13002447267988,28.757478241644847,28.906942652613985,153800400
2015-06-05,28.699472427368164,28.931479407354722,28.634780202616195,28.889093320398054,142507200
2015-06-08,28.50986099243164,28.82440721657592,28.29347132651328,28.755248984037564,210699200
2015-06-09,28.425085067749023,28.572319885753103,28.02353881333458,28.26446588519156,224301600
2015-06-10,28.75078010559082,28.853395815354542,28.521004448842803,28.536620104934524,156349200
2015-06-11,28.68608856201172,29.040787815926894,28.66154942724008,28.81770601035133,141563600
2015-06-12,28.369314193725586,28.6280899177964,28.35592982936992,28.596858599647057,147544800
2015-06-15,28.31354522705078,28.384931343996573,28.043616419162653,28.130618196003486,175955600
2015-06-16,28.46524429321289,28.52101475683673,28.1908545652921,28.33808770422971,125976400
2015-06-17,28.398317337036133,28.527703503552477,28.273390356222063,28.492011296162225,131672400
2015-06-18,28.527698516845703,28.623623754034263,28.380465421381277,28.382696715821655,141628800
2015-06-19,28.24215316772461,28.514313213184263,28.197537492263223,28.48977408108682,218867600
2015-06-22,28.46747398376465,28.56786013183758,28.34924087986294,28.440703550021485,136157200
2015-06-23,28.33807945251465,28.46746729892082,28.304616843688365,28.4384672789935,121075600
2015-06-24,28.57901382446289,28.956022667693063,28.358163285862766,28.378239833926724,221123600
2015-06-25,28.44293212890625,28.822170543166646,28.44293212890625,28.746323541106253,127752400
2015-06-26,28.275623321533203,28.552244327572282,28.22208415629518,28.480858206595123,176267200
2015-06-29,27.780378341674805,28.21315761039988,27.769225272035214,27.987844499138156,196645600
2015-06-30,27.981151580810547,28.135078574808336,27.853995016806024,28.012382898146452,177482800
2015-07-01,28.24215316772461,28.31800185838367,28.106073144994784,28.30907838289561,120955200
2015-07-02,28.20646095275879,28.26223139804534,28.056994865886857,28.20422965839323,108844000
2015-07-06,28.108308792114258,28.1596183586215,27.851764363536425,27.87184261198854,112241600
2015-07-07,28.039152145385742,28.141769569729256,27.610833793456596,28.083767824846724,187787200
2015-07-08,27.3431396484375,27.804918965307255,27.336447465899855,27.769226757780043,243046400
2015-07-09,26.785432815551758,27.67552875946639,26.595813617752484,27.628681783679212,314380000
2015-07-10,27.501529693603516,27.62868627770291,27.039750340613136,27.202600837011023,245418000
2015-07-13,28.03246307373047,28.054770915935904,27.73353254184397,27.891920434075615,165762000
2015-07-14,28.021312713623047,28.190855404641713,27.89415612085393,28.117237981991295,127072400
2015-07-15,28.29123306274414,28.36485046328007,28.014612114584335,28.04584342960339,134596800
2015-07-16,28.668243408203125,28.681631176702723,28.40946938252491,28.496471156000958,144889600
2015-07-17,28.91586685180664,28.91586685180664,28.623630187654307,28.795404156613902,184658800
2015-07-20,29.462427139282227,29.66319948069564,29.156802632249523,29.21703569625736,235600800
2015-07-21,29.167943954467773,29.652031028831786,29.072020418957113,29.63641707363706,307025600
2015-07-22,27.93430519104004,27.9967678270227,27.213750178573314,27.213750178573314,461802400
2015-07-23,27.920915603637695,28.35146179283089,27.898606064692277,28.15291915046449,203998000
2015-07-24,27.7736873626709,28.050308350612383,27.639838607343037,27.956614392080805,168649200
2015-07-27,27.38775634765625,27.575145975546818,27.242754515358953,27.459142467333766,177822000
2015-07-28,27.52383804321289,27.642072853388193,27.33868140119759,27.52383804321289,134472400
2015-07-29,27.436826705932617,27.550598886390006,27.276207557517207,27.472520606459973,148046800
2015-07-30,27.298521041870117,27.343136721998896,27.15128623388277,27.287366270848374,134513200
2015-07-31,27.059825897216797,27.3587547240426,26.972824122126944,27.34983124685656,171540000
2015-08-03,26.421810150146484,27.34313741374917,26.216573591216193,27.104439944865323,279904000
2015-08-04,25.57410430908203,26.256734256444705,25.264020659660453,26.194271607925184,496554400
2015-08-05,25.743640899658203,26.19872799073188,25.007470254866853,25.19708945065277,397250400
2015-08-06,25.799663543701172,26.10666963037693,25.573332274014806,25.987901363976874,211612000
2015-08-07,25.887065887451172,26.050653539356933,25.658493163495645,25.676420905287646,154681600
2015-08-10,26.828248977661133,26.888752962705077,26.11339616388924,26.11339616388924,219806400
2015-08-11,25.432159423828125,26.483149749258953,25.396305650916187,26.400235228019607,388331200
2015-08-12,25.824312210083008,25.86464876132336,24.567158357722324,25.217024256735492,404870000
2015-08-13,25.80414581298828,26.084260288357925,25.667449812233247,26.00358718267682,194143200
2015-08-14,25.985658645629883,26.06409035438125,25.548680761384396,25.618148602038033,171718000
2015-08-17,26.254573822021484,26.364378232100474,25.882580929145096,26.00359060358621,163538800
2015-08-18,26.106670379638672,26.317317022504323,25.996865978641605,26.09098403663909,138242800
2015-08-19,25.77277183532715,26.1111488736232,25.698821207216227,26.017030824945476,193146000
2015-08-20,25.243913650512695,25.62486860467399,25.01533931026963,25.564364637952508,274006400
2015-08-21,23.69992446899414,25.07584654572496,23.67527425999058,24.74643167057096,513102000
2015-08-24,23.108325958251953,24.381166289894818,20.61642679920939,21.259570294192415,648825200
2015-08-25,23.247262954711914,24.898818722543467,23.193481447458115,24.898818722543467,414406400
2015-08-26,24.580608367919922,24.62542600444196,23.540823471522817,23.99796883503398,387098400
2015-08-27,25.30442237854004,25.376131620216796,24.654556414147635,25.14980034129892,338464400
2015-08-28,25.3873348236084,25.391815902863165,24.99517456601919,25.13635164326541,212657600
2015-08-31,25.26856803894043,25.665209398967942,25.098257952693018,25.104980426809615,224917200
2015-09-01,24.139148712158203,25.071368928809964,24.058475595083692,24.683691397569483,307383600
2015-09-02,25.174449920654297,25.174449920654297,24.455116078463785,24.701618210100655,247555200
2015-09-03,24.732990264892578,25.273050126560126,24.65903962729395,25.208063358035563,212935600
2015-09-04,24.48648452758789,24.75091264237606,24.316176169352293,24.41925808397372,199985200
2015-09-08,25.1677303314209,25.223753238727728,24.721788467969912,25.042239566152308,219374400
2015-09-09,24.683692932128906,25.550926430069907,24.598537020098803,25.49266383831433,340043200
2015-09-10,25.225994110107422,25.38509895839421,24.62766988281413,24.710582689709778,251571200
2015-09-11,25.593494415283203,25.593494415283203,25.044470829651967,25.05119330225992,199662000
2015-09-14,25.84000015258789,26.19406526766862,25.73915962308104,26.124597423327597,233453600
2015-09-15,26.057369232177734,26.113392128431876,25.64055874727226,25.978937519358556,173364800
2015-09-16,26.086498260498047,26.115629546628753,25.86912918257928,26.050642791706853,148694000
2015-09-17,25.528514862060547,26.10443021019383,25.483697225582045,25.91843548009313,256450400
2015-09-18,25.42319107055664,25.61367029631348,25.069127645614433,25.1453179681706,297141200
2015-09-21,25.817588806152344,25.853444276933047,25.470247908799738,25.47248759346132,200888000
2015-09-22,25.4119873046875,25.58677847585552,25.214785606193775,25.407504515349082,201384800
2015-09-23,25.618152618408203,25.70778960375562,25.38957992997141,25.463528861425985,143026800
2015-09-24,25.770538330078125,25.882584148904552,25.181177938537186,25.37837796418563,200878000
2015-09-25,25.705547332763672,26.149249454783625,25.550923581051936,26.09322655456149,224607600
2015-09-28,25.19685935974121,25.67417383915858,25.19685935974121,25.51282761803632,208436000
2015-09-29,24.439430236816406,25.436638918856183,24.17052099091989,25.28425655693261,293461600
2015-09-30,24.71729850769043,24.99517154939205,24.365474844587325,24.688165512159813,265892000
2015-10-01,24.55595588684082,24.564919755253936,24.047267039915706,24.441668701677433,255716400
2015-10-02,24.7352237701416,24.876402535682534,24.101046006161816,24.204127910235147,232079200
2015-10-05,24.82486343383789,24.95707834695101,24.44166706073994,24.623180682290823,208258800
2015-10-06,24.943628311157227,25.039987739970822,24.598527140747667,24.79124599837486,192787200
2015-10-07,24.82486343383789,25.04671360569818,24.5178590822946,25.03999113226044,187062400
2015-10-08,24.53803062438965,24.69265437816253,24.248952250228,24.69265437816253,247918400
2015-10-09,25.125154495239258,25.16100826746643,24.535792406538167,24.650079618024016,211064400
2015-10-12,25.008623123168945,25.26632881443241,24.972769354906614,25.26184773453085,121868800
2015-10-13,25.05120277404785,25.19910235639154,24.802460935408405,24.833833625895956,132197200
2015-10-14,24.697132110595703,24.99069152478597,24.551472245882195,24.939151420302792,177849600
2015-10-15,25.0668888092041,25.120670319419833,24.759882673592674,24.858483533724336,150694000
2015-10-16,24.88312530517578,25.098252982722897,24.76883813877541,25.04895256938616,156930400
2015-10-19,25.037752151489258,25.04223323067941,24.67472318849822,24.829346920645275,119036800
2015-10-20,25.49489402770996,25.584530986610467,24.833824661473976,24.95035151126668,195871200
2015-10-21,25.492658615112305,25.900505222254605,25.479211957730133,25.546440115591764,167180800
2015-10-22,25.882583618164062,25.882583618164062,25.568854989946587,25.62039681781059,166616400
2015-10-23,26.684823989868164,26.718438066579125,26.068572185671435,26.151484970584445,237467600
2015-10-26,25.833274841308594,26.471935447301785,25.752601742690196,26.460731895077686,265335200
2015-10-27,25.669692993164062,26.115634790275454,25.54420053688064,25.8601705077346,279537600
2015-10-28,26.727397918701172,26.73412210120959,26.00806426175372,26.2030245221103,342205600
2015-10-29,27.009756088256836,27.04561155934761,26.503308672038912,26.599668113491663,204909200
2015-10-30,26.778945922851562,27.164383744411797,26.76774065909424,27.112841924684606,197461200
2015-11-02,27.15542221069336,27.195758770132144,26.80359844046524,27.07026801173741,128813200
2015-11-03,27.466907501220703,27.67307136407972,27.04785559133018,27.06802472448119,182076000
2015-11-04,27.33916664123535,27.747013157168112,27.254012475379568,27.59238945447578,179544400
2015-11-05,27.213144302368164,27.611485208849075,27.046607179020967,27.42244163026454,158210800
2015-11-06,27.244651794433594,27.41343990989622,27.145630600923205,27.255905022265036,132169200
2015-11-09,27.134376525878906,27.413439053970233,27.017350858292687,27.22214620581893,135485600
2015-11-10,26.2791805267334,26.57174724647798,26.11939466862718,26.30843822890864,236511600
2015-11-11,26.13064956665039,26.4254655769582,25.928103495178785,26.1891632577425,180872000
2015-11-12,26.04288101196289,26.290436569106728,26.027127523335597,26.16440866008837,130102400
2015-11-13,25.282203674316406,26.009118445553383,25.266450188475414,25.92584903925033,183249600
2015-11-16,25.696306228637695,25.709808730253343,24.980644453978773,25.066163159214113,152426800
2015-11-17,25.586027145385742,25.892096384430133,25.502757727542303,25.86283868024117,110467600
2015-11-18,26.396211624145508,26.44122110260724,25.99337043900729,26.051884134608777,186698800
2015-11-19,26.731538772583008,26.949838364325366,26.27693682663629,26.47498094973161,173183200
2015-11-20,26.84856414794922,26.988094560769092,26.747290246352513,26.826057691815596,137148400
2015-11-23,26.499732971191406,26.94533433204748,26.407461314604493,26.841809448120213,129930000
2015-11-24,26.754043579101562,26.85981774995822,26.3579553319384,26.40521580289531,171212800
2015-11-25,26.562746047973633,26.83280804222794,26.537990322241956,26.828306064639612,85553200
2015-11-27,26.513240814208984,26.64827270150355,26.465980340456596,26.62126598064428,52185600
2015-11-30,26.623510360717773,26.873316886396125,26.49973173375955,26.55374344506798,156721200
2015-12-01,26.407459259033203,26.738284199871483,26.299435839780674,26.72478170171524,139409600
2015-12-02,26.16891098022461,26.580754422891076,26.12390149974809,26.407464317353075,133546400
2015-12-03,25.925853729248047,26.283685425226995,25.7053048875768,26.22967370928731,166278000
2015-12-04,26.787792205810547,26.837303648687627,25.905593621640442,25.94610282790341,231108000
2015-12-07,26.619009017944336,26.97458970295678,26.513234864567096,26.77654561210243,128336800
2015-12-08,26.607759475708008,26.691027181077096,26.29943923103996,26.44797188091549,137238000
2015-12-09,26.020376205444336,26.486231330206245,25.89884855763669,26.474978102501257,185445600
2015-12-10,26.144153594970703,26.317443689533036,25.995620945204504,26.114897606214114,116850800
2015-12-11,25.47125244140625,25.968614558600958,25.39698525707814,25.923605080402936,187544800
2015-12-14,25.313718795776367,25.358728276188195,24.708331497328068,25.24620285815701,257274800
2015-12-15,24.865863800048828,25.385732344645458,24.834356823649205,25.192188508475535,213292400
2015-12-16,25.057157516479492,25.203440893124053,24.48552994368631,24.99639455045869,224954000
2015-12-17,24.526037216186523,25.261952585008626,24.526037216186523,25.210190144944047,179091200
2015-12-18,23.862138748168945,24.647565648243024,23.812627291848816,24.51028622435749,385813200
2015-12-21,24.154705047607422,24.163707286494162,23.758615121598442,24.143451819748623,190362400
2015-12-22,24.132198333740234,24.242472746324506,23.95665726531862,24.17045655812642,131157600
2015-12-23,24.44276237487793,24.49677407473642,24.1254399895822,24.141193473582636,130629600
2015-12-24,24.31224822998047,24.53054787570478,24.294243746064588,24.53054787570478,54281600
2015-12-28,24.03992462158203,24.235719421321342,23.89589225752135,24.213212969373373,106816800
2015-12-29,24.472028732299805,24.627314366870127,24.04893375615379,24.071438497554865,123724800
2015-12-30,24.15245246887207,24.46302196351547,24.12094549334309,24.43601696563428,100855200
2015-12-31,23.688852310180664,24.087191548411436,23.58982938942201,24.08269128701408,163649200
2016-01-04,23.709108352661133,23.713610331495133,22.95518829613928,23.092469461544965,270597600
2016-01-05,23.114974975585938,23.8216345799287,23.04746074384094,23.799129836013698,223164000
2016-01-06,22.662620544433594,23.038456779406197,22.475829638610904,22.6311135619092,273829600
2016-01-07,21.706153869628906,22.534341069129724,21.70165360809434,22.208018022318978,324377600
2016-01-08,21.8209171295166,22.30477651036978,21.77590767329799,22.17874865935712,283192000
2016-01-11,22.174253463745117,22.293530104496217,21.906442481454086,22.273276358105072,198957600
2016-01-12,22.496082305908203,22.660370178573043,22.24402474087501,22.628863197569107,196616800
2016-01-13,21.91770362854004,22.772897603259665,21.89744987482916,22.577102732378627,249758400
2016-01-14,22.39705467224121,22.61310494938619,21.546362930112668,22.045975976632942,252680400
2016-01-15,21.85918617248535,21.989716064011326,21.460846964830314,21.649888835039064,319335600
2016-01-19,21.7534122467041,22.201262880477753,21.492352481407988,22.147251166520476,212350800
2016-01-20,21.78267478942871,22.09774636350111,21.024252708904672,21.40233825439116,289337600
2016-01-21,21.672399520874023,22.02797859142337,21.36633019956434,21.843436946251522,208646000
2016-01-22,22.82465362548828,22.833655864278438,22.13824965850337,22.196761635137154,263202000
2016-01-25,22.379047393798828,22.849402642694564,22.327284965206946,22.847151654407703,207178000
2016-01-26,22.50282859802246,22.703123668984357,22.07073148203734,22.489326099710837,300308000
2016-01-27,21.02424430847168,21.74665713553977,21.006239833260953,21.6138779941135,533478800
2016-01-28,21.175033569335938,21.271805503136676,20.79244781263631,21.10751934480162,222715200
2016-01-29,21.906444549560547,21.906444549560547,21.233543122909527,21.33256602661787,257666000
2016-02-01,21.701650619506836,21.764664574323376,21.46984854985964,21.710652858337983,163774000
2016-02-02,21.26280403137207,21.613882790889953,21.217792833355904,21.474350652542302,149428800
2016-02-03,21.683645248413086,21.79391966479839,21.172780664055452,21.37982699763643,183857200
2016-02-04,21.857873916625977,22.023053229116783,21.5388313080044,21.69043312718145,185886800
2016-02-05,21.274093627929688,21.93028280241884,21.19942517660604,21.839773653124055,185672400
2016-02-08,21.498098373413086,21.654224844439824,21.052342357349705,21.07270600414181,216085600
2016-02-09,21.493579864501953,21.70853933097506,21.25373206268932,21.33519013242165,177324800
2016-02-10,21.33065414428711,21.8013001743883,21.2921883303902,21.704003175149282,169374400
2016-02-11,21.20168685913086,21.43248527838415,20.950524787406167,21.222052237920717,200298800
2016-02-12,21.26729965209961,21.382698827553845,21.045554112477838,21.312555076943397,161405600
2016-02-16,21.866928100585938,21.91444501811858,21.407596171451875,21.500366802924592,196231600
2016-02-17,22.201805114746094,22.222168762309874,21.756049081790966,21.87370974023489,179452800
2016-02-18,21.78093719482422,22.3760317691853,21.742469653434018,22.364717481779145,156084000
2016-02-19,21.731157302856445,21.894073375703115,21.67685252068019,21.72210621810742,141496800
2016-02-22,21.921220779418945,21.92574718410082,21.703999965263495,21.792245867066725,137123200
2016-02-23,21.425697326660156,21.835249115154625,21.394019383147793,21.812622259262714,127770400
2016-02-24,21.744747161865234,21.808103069858106,21.115711037765987,21.2650514434512,145022800
2016-02-25,21.894081115722656,21.894081115722656,21.552409882510005,21.733428188848517,110330800
2016-02-26,21.928022384643555,22.179182739750832,21.853352203394042,21.99363975157595,115964400
2016-02-29,21.87824249267578,22.2267016158335,21.869191404582505,21.916708322333303,140865200
2016-03-01,22.747121810913086,22.801426602595313,22.043415816934203,22.095459131771733,201628400
2016-03-02,22.796899795532227,22.828577731584346,22.54573778374896,22.742595008916886,132678400
2016-03-03,22.96660804748535,23.01412496042539,22.72902175646678,22.75843822137135,147822800
2016-03-04,23.30828285217285,23.475723675015796,22.937196852186524,23.163468887608364,184220400
2016-03-07,23.050325393676758,23.26754627006933,22.844417079594944,23.16798605435346,143315600
2016-03-08,22.860258102416992,23.02543740912557,22.717707374999783,22.80369010682502,126247600
2016-03-09,22.880624771118164,22.98470968172931,22.688292194185372,22.923615276300346,108806800
2016-03-10,22.891935348510742,23.134046293258795,22.661138693065695,22.946241865583367,134054400
2016-03-11,23.138574600219727,23.143099280521703,22.966607401333224,23.134048193599433,109632800
2016-03-14,23.197402954101562,23.285650615747183,23.029962169931412,23.05937863258603,100304400
2016-03-15,23.663524627685547,23.799287473548514,23.498345318901467,23.523235375380143,160270800
2016-03-16,23.978044509887695,24.054976162517963,23.66578803991725,23.670314446729847,153214000
2016-03-17,23.9395809173584,24.09118275967689,23.74951151881701,23.876223300298903,137682800
2016-03-18,23.966726303100586,24.097964458127866,23.80154873411635,24.061760114816295,176820800
2016-03-21,23.964473724365234,24.358186609314124,23.79024327854342,23.968998405800136,142010800
2016-03-22,24.147750854492188,24.276725840064824,23.80607961237857,23.815130700563138,129777600
2016-03-23,24.014244079589844,24.2269402884613,23.962202492090338,24.09344065187563,102814000
2016-03-24,23.910158157348633,24.04139631153027,23.733666300637235,23.864904454818873,104532000
2016-03-28,23.80155372619629,24.027825740397013,23.772137259506373,23.984833505276967,77645600
2016-03-29,24.36496925354004,24.389859311874833,23.731406957175352,23.733670160565346,124760400
2016-03-30,24.79036521911621,24.984959320013996,24.57314425850633,24.584458551521745,182404400
2016-03-31,24.6613826751709,24.867291006090742,24.63649261920656,24.826561980541666,103553600
2016-04-01,24.887659072875977,24.88992227645211,24.48263194867367,24.613870134993224,103496000
2016-04-04,25.14334487915039,25.38545584641617,24.95101230102027,24.98495344576784,149424800
2016-04-05,24.846925735473633,25.055097270450286,24.75867980079629,24.779045176816258,106314800
2016-04-06,25.107141494750977,25.111667901594167,24.70890228215183,24.94196389766093,105616400
2016-04-07,24.5595645904541,24.984955355017746,24.46453075895347,24.87860723229722,127207600
2016-04-08,24.586713790893555,24.83787409655263,24.475839279478535,24.643281785008824,94326800
2016-04-11,24.668167114257812,25.027940410763577,24.625176617854738,24.656854552601413,117630000
2016-04-12,24.989479064941406,25.003054831885287,24.58671519996902,24.740578495515074,108929200
2016-04-13,25.351511001586914,25.419391554856478,25.07093425017294,25.07093425017294,133029200
2016-04-14,25.36509132385254,25.43071041222434,25.190862640210334,25.256481728582134,101895600
2016-04-15,24.85597801208496,25.410345429082167,24.828826477849184,25.367353198117787,187756000
2016-04-18,24.31972312927246,24.652341625977446,24.19753600287681,24.63876585403979,243286000
2016-04-19,24.19074821472168,24.437383946287238,24.036883135636742,24.410230675983218,129539600
2016-04-20,24.240514755249023,24.457735632396414,23.998403824086175,24.12964197683712,122444000
2016-04-21,23.978044509887695,24.195265426295872,23.87622107242492,24.195265426295872,126210000
2016-04-22,23.912424087524414,24.09344237092434,23.67257632939006,23.760822267809996,134732400
2016-04-25,23.776653289794922,23.905628212548674,23.64767836704117,23.758551122242675,112126400
2016-04-26,23.611478805541992,23.826438204469056,23.511920316512022,23.511920316512022,224064800
2016-04-27,22.13392448425293,22.335306403522676,21.64970259675959,21.722109559572104,458408400
2016-04-28,21.457374572753906,22.147503149777744,21.326136396000567,22.086410468223406,328970800
2016-04-29,21.210744857788086,21.432492261643407,20.932431158753065,21.2673128792868,274126000
2016-05-02,21.1881103515625,21.287670585909353,20.907533549506745,21.26278052732264,192640400
2016-05-03,21.53656578063965,21.663277529105528,21.197157831833383,21.31481849450626,227325200
2016-05-04,21.312564849853516,21.699489846523782,21.22884357024044,21.541098376416777,164102000
2016-05-05,21.226049423217773,21.414999018788002,21.098566195762544,21.3990636153561,143562000
2016-05-06,21.107677459716797,21.273860744455853,20.90962162362799,21.25565009103631,174799600
2016-05-09,21.123605728149414,21.34670135439746,21.07807476791514,21.171411933773996,131745600
2016-05-10,21.267026901245117,21.30117469131813,20.96880645738688,21.24653926929856,134747200
2016-05-11,21.05986976623535,21.301177841265318,21.048486588918124,21.280690206289115,114876400
2016-05-12,20.56586265563965,21.121328198295856,20.367808628448472,21.107669778993984,305258800
2016-05-13,20.606842041015625,20.868639441253695,20.48846500739972,20.48846500739972,177571200
2016-05-16,21.37174415588379,21.48784594000559,20.86408651259446,21.0325467329084,245039200
2016-05-17,21.282962799072266,21.55841863488551,21.17369195249664,21.52427258084862,187667600
2016-05-18,21.52655029296875,21.67452291245479,21.37402544469915,21.43549182266564,168249600
2016-05-19,21.444595336914062,21.544761734036086,21.30117668934936,21.544761734036086,121768400
2016-05-20,21.676794052124023,21.724600257195345,21.5174382983911,21.544756874215505,128104000
2016-05-23,21.952255249023438,22.125269464843562,21.779241033203313,21.824772004118582,152074400
2016-05-24,22.286901473999023,22.33015372721535,22.045591659714926,22.13209963980563,140560800
2016-05-25,22.678457260131836,22.705774104756745,22.33470582502775,22.462189064821,152675200
2016-05-26,22.858299255371094,22.93114706454491,22.455358453980953,22.692114268003046,225324800
2016-05-27,22.84463882446289,22.871957403887855,22.59422459196804,22.637478575183707,145364800
2016-05-31,22.73309326171875,22.85602427612958,22.49633742694555,22.67390386881822,169228800
2016-06-01,22.41438102722168,22.660243029826294,22.38478720234156,22.54186425664834,116693200
2016-06-02,22.245922088623047,22.273238932612223,21.997783089138686,22.218603507805028,160766400
2016-06-03,22.29145050048828,22.37112752057621,22.18445490058645,22.26185667497813,114019600
2016-06-06,22.453079223632812,23.19521739936371,22.207218977802793,22.307383619871096,93170000
2016-06-07,22.544137954711914,22.735364507821203,22.52820255335518,22.59422114092693,89638000
2016-06-08,22.523651123046875,22.66479275810792,22.464461742986266,22.541861770364445,83392400
2016-06-09,22.685285568237305,22.76268560736526,22.414381957631843,22.423488151087273,106405600
2016-06-10,22.498611450195312,22.616988483596124,22.418934433788163,22.43031587222993,126851600
2016-06-13,22.15941047668457,22.56462820983922,22.104775060854724,22.46673881569528,152082000
2016-06-14,22.18673324584961,22.41893684645813,22.025102213221146,22.15486243585689,127727600
2016-06-15,22.11388397216797,22.402999962509963,22.088842374994137,22.268685783411325,117780800
2016-06-16,22.207225799560547,22.252755038411323,21.870303526845767,21.956809775393893,125307200
2016-06-17,21.701833724975586,22.002331085133633,21.69500451583105,21.9955018759891,244032800
2016-06-20,21.64947509765625,21.984120264131167,21.633539696244515,21.854360070684617,137647600
2016-06-21,21.83388328552246,21.934047971216188,21.553873393846285,21.613062801412593,142185600
2016-06-22,21.75192642211914,22.05697614285978,21.706395446526347,21.911280494621096,116876400
2016-06-23,21.87713050842285,21.920384496701352,21.683628657792593,21.840707468421712,128960800
2016-06-24,21.26247787475586,21.549316923000653,21.09174063551022,21.1509300314275,301245600
2016-06-27,20.952878952026367,21.182805639240847,20.829947903520488,21.171422459315906,181958400
2016-06-28,21.305736541748047,21.321673689564705,20.97564514123071,21.14865941539771,161779600
2016-06-29,21.490121841430664,21.524269627611098,21.314830682891102,21.39223244735532,146124000
2016-06-30,21.763303756713867,21.802003776043296,21.467360286935588,21.499231095422036,143345600
2016-07-01,21.82932472229004,21.96136193566166,21.701841474526535,21.73826451524654,104106000
2016-07-05,21.62443733215332,21.71777451182094,21.503783309132288,21.715497529265225,110820800
2016-07-06,21.747371673583984,21.776967240861612,21.483298971964736,21.535657420975962,123796400
2016-07-07,21.84070587158203,21.968189107508774,21.767858060076918,21.786068710331573,100558400
2016-07-08,22.009166717529297,22.056972932321376,21.86574807315307,21.96591273121933,115648400
2016-07-11,22.07745933532715,22.22998415299696,22.020546934391074,22.025099162261355,95179600
2016-07-12,22.177627563476562,22.241369184931997,22.109333713415275,22.120715153344364,96670000
2016-07-13,22.05242156982422,22.234540242351116,22.045590621589493,22.17535258561507,103568800
2016-07-14,22.48950958251953,22.53503881870016,22.154864312421935,22.17079971876806,155676000
2016-07-15,22.487228393554688,22.605607164408692,22.423486780092702,22.51909920028568,120548000
2016-07-18,22.726261138916016,22.79455498028692,22.446251352492066,22.469015966282367,145975600
2016-07-19,22.735370635986328,22.764964464531793,22.614714865387988,22.66479806510259,95119600
2016-07-20,22.75586700439453,22.869691870405006,22.705783785457182,22.764973202094925,105104000
2016-07-21,22.63520622253418,22.992616126512747,22.566910628416856,22.726266435747576,130808000
2016-07-22,22.459911346435547,22.605606957825405,22.38023259350751,22.596500765009953,113254800
2016-07-25,22.15941047668457,22.500884865071086,22.0637980647752,22.366572439316762,161531600
2016-07-26,22.00688934326172,22.302834557369803,21.949976935689307,22.041037135170935,224959200
2016-07-27,23.4365291595459,23.755238994973727,23.39099992741144,23.737026607388394,369379200
2016-07-28,23.752967834472656,23.77800943933329,23.406941069680148,23.40921805289365,159479200
2016-07-29,23.72336769104004,23.800769468251264,23.602713665250537,23.71881546265295,110934800
2016-08-01,24.142248153686523,24.16501277327869,23.768902834521718,23.768902834521718,152671600
2016-08-02,23.78483772277832,24.146799855832086,23.675565119560158,24.14224762674467,135266400
2016-08-03,24.083059310913086,24.09444075255813,23.850855669940664,23.859961865354208,120810400
2016-08-04,24.231830596923828,24.261584742018446,24.09678879267462,24.16545435364713,109634800
2016-08-05,24.60033416748047,24.639243840287477,24.302785707365693,24.32338432959132,162213600
2016-08-08,24.804039001464844,24.804039001464844,24.52709091876358,24.60948715124124,112148800
2016-08-09,24.904743194580078,24.93449908368157,24.7216379561109,24.771992464217153,105260800
2016-08-10,24.719348907470703,24.925343830947153,24.6644175099562,24.88185552870278,96034000
2016-08-11,24.703327178955078,24.932210039226604,24.68501613103632,24.838367228321207,109938000
2016-08-12,24.760547637939453,24.82005766994111,24.668994145530196,24.668994145530196,74641600
2016-08-15,25.05809211730957,25.071824527831648,24.73765581730807,24.751388227830148,103472800
2016-08-16,25.03520965576172,25.22976150751289,24.996299983906624,25.092430377750215,135177600
2016-08-17,24.998594284057617,25.032927073340954,24.797176184922407,24.971127703383306,101424000
2016-08-18,24.96654510498047,25.085563434881703,24.95281094466424,25.000877886414337,87938800
2016-08-19,25.03062629699707,25.106158049597234,24.80174346819954,24.895584519963077,101472400
2016-08-22,24.836078643798828,24.971118687655874,24.68501512398833,24.916187292378225,103280800
2016-08-23,24.91390037536621,25.021475605068048,24.840657925859944,24.854390339443075,85030800
2016-08-24,24.726213455200195,24.89100938292654,24.646104808732535,24.849810400994954,94700400
2016-08-25,24.62093162536621,24.691884760216265,24.417225999435953,24.579732636625383,100344800
2016-08-26,24.47673797607422,24.70790844864497,24.332540630944195,24.584313218873458,111065200
2016-08-29,24.449270248413086,24.591178268907836,24.327962596069156,24.40349436889239,99881200
2016-08-30,24.26158905029297,24.376030508077367,24.147147592508567,24.215813165674433,99455600
2016-08-31,24.28447151184082,24.3920467372776,24.179185603989712,24.183764239161054,118649600
2016-09-01,24.428672790527344,24.44469452374681,24.1746126307344,24.29363097090216,106806000
2016-09-02,24.65754508972168,24.719342678072493,24.449260901184804,24.65067713880519,107210000
2016-09-06,24.650684356689453,24.788015475435525,24.607197798908395,24.696461978350715,107521600
2016-09-07,24.801748275756836,24.893301774270007,24.506489159826664,24.68044063237792,169457200
2016-09-08,24.151723861694336,24.552268953644376,24.087636926380412,24.54769206379539,212008000
2016-09-09,23.604686737060547,24.19749420262541,23.604686737060547,23.950300315527222,186228000
2016-09-12,24.133411407470703,24.19749833442346,23.46736138898784,23.494827963212362,181171200
2016-09-13,24.70790672302246,24.900169254355387,24.545400084314608,24.607199441122198,248704800
2016-09-14,25.582237243652344,25.87063014465147,24.85667897528379,24.886434865548,443554800
2016-09-15,26.451997756958008,26.48861986063888,25.975920886534766,26.06060819161827,359934400
2016-09-16,26.303220748901367,26.580168830453403,26.10180443856475,26.348998373685482,319547600
2016-09-19,25.99651527404785,26.5916103520135,25.920983512266076,26.365016812905786,188092000
2016-09-20,25.994230270385742,26.120116560913388,25.75161496090108,25.875211933536068,138057200
2016-09-21,25.989646911621094,26.090354172737744,25.735586822150456,26.058310715168247,144012800
2016-09-22,26.234561920166016,26.30780438751145,26.09265387570504,26.172762551514396,124296000
2016-09-23,25.79738426208496,26.273460980543124,25.531881080100096,26.188773702492046,209924800
2016-09-26,25.8363037109375,25.95303449057506,25.53189075059047,25.55248937545927,119477600
2016-09-27,25.884363174438477,25.904963540976546,25.71270102031809,25.863764554138143,98429600
2016-09-28,26.081205368041992,26.239135125485873,25.96218703015939,26.021697072219652,118564400
2016-09-29,25.676074981689453,26.0468657811067,25.58910013817855,25.90038091506868,143548000
2016-09-30,25.875202178955078,25.948444607767662,25.58909866855636,25.740160414003515,145516400
2016-10-03,25.753902435302734,25.875211835824874,25.698971029751696,25.7973907439095,86807200
2016-10-04,25.86376190185547,26.163597874842022,25.779074619195026,25.87749431398079,118947200
2016-10-05,25.875202178955078,26.014820831728635,25.792804228261268,25.95531081261927,85812400
2016-10-06,26.067468643188477,26.170465231130333,25.89351718159294,26.023980341230185,115117200
2016-10-07,26.10637855529785,26.22081998574715,25.98049402954621,26.1635992705225,97433600
2016-10-10,26.56185531616211,26.722072611914108,26.25744070799575,26.326104514930513,144944000
2016-10-11,26.619077682495117,27.166107585717516,26.596187999190285,26.939512293910834,256164000
2016-10-12,26.85711669921875,27.003603351129488,26.722076636210637,26.859406016999273,150347200
2016-10-13,26.774715423583984,26.880001320561476,26.48632255589239,26.73122712513595,140769600
2016-10-14,26.923492431640625,27.0470893958653,26.809050992125677,26.9807131513981,142608800
2016-10-17,26.905179977416992,26.97155446787286,26.72893920331153,26.85482547052972,94499600
2016-10-18,26.886871337890625,27.056244174757325,26.88229270254308,27.049377967973744,98214000
2016-10-19,26.806760787963867,26.953245676457854,26.046869774062202,26.836514930670027,80138400
2016-10-20,26.79302978515625,26.866272238030678,26.625946258085435,26.747253906948913,96503200
2016-10-21,26.687740325927734,26.75869519784017,26.61449788277504,26.735805515536914,92770800
2016-10-24,26.92806625366211,26.948664870898615,26.779292059638845,26.802179994203005,94154800
2016-10-25,27.065399169921875,27.090576425127797,26.8502487149759,26.99673361095342,192516000
2016-10-26,26.456573486328125,26.481750744944865,25.93472075543196,26.16360365468382,264536800
2016-10-27,26.202510833740234,26.518368554939595,26.11553422850968,26.410793330304532,138248000
2016-10-28,26.02855682373047,26.3695917661158,25.966757479086073,26.06288959895097,151446800
2016-10-31,25.98736000061035,26.145289731996076,25.909538920566067,26.01253725478018,105677600
2016-11-01,25.518159866333008,26.04001271824744,25.298432441644742,25.969059561821386,175303200
2016-11-02,25.54104232788086,25.71499382324578,25.458646089274286,25.497555763718104,113326800
2016-11-03,25.26727294921875,25.642266892785667,25.20285698396342,25.531840025263218,107730400
2016-11-04,25.039514541625977,25.363897198636803,24.871573166671375,24.96819711570307,123348000
2016-11-07,25.400705337524414,25.423710787131366,25.182149178250135,25.32478577413851,130240000
2016-11-08,25.550235748291016,25.70207484006421,25.237356791185245,25.377692283204873,97016800
2016-11-09,25.50882911682129,25.610055193362072,24.857766343733797,25.278771128467262,236705600
2016-11-10,24.79796028137207,25.55715088084711,24.34704666196902,25.55715088084711,228538000
2016-11-11,24.945192337036133,25.04641843220124,24.512683871227594,24.643816878508083,136575600
2016-11-14,24.319429397583008,24.80255081531767,23.94443551369246,24.779545367845188,204702000
2016-11-15,24.64151382446289,24.772646821194414,24.422959414978134,24.517282287264077,129058000
2016-11-16,25.304080963134766,25.359296151320716,24.524184420842918,24.547189871652037,235362000
2016-11-17,25.29487419128418,25.386897734297026,25.03721037709193,25.262666214510148,110528000
2016-11-18,25.320178985595703,25.430607580733323,25.228157204051158,25.241960120242243,113715600
2016-11-21,25.704378128051758,25.76419193736113,25.308678133159383,25.333984650637593,117058400
2016-11-22,25.72048568725586,25.86312052717091,25.628462134121555,25.75499298387835,103862000
2016-11-23,25.589357376098633,25.653773348516676,25.38230478246663,25.619264290377405,109705600
2016-11-25,25.718181610107422,25.73658666962397,25.524931995589796,25.566342501900497,45903600
2016-11-28,25.66757583618164,25.874628426316654,25.62616531815464,25.635367850516595,108776000
2016-11-29,25.64226531982422,25.77339831396523,25.32248482963467,25.48582580442763,114115200
2016-11-30,25.426010131835938,25.812507653355425,25.3684956301527,25.674473200356314,144649200
2016-12-01,25.18905258178711,25.522637770046657,25.083226101264454,25.39150476644213,148347600
2016-12-02,25.28337287902832,25.32708270259954,25.041811292921707,25.11542977784512,106112000
2016-12-05,25.10163116455078,25.313284125596923,24.903781123293562,25.306382665702465,137298000
2016-12-06,25.29487419128418,25.389198805553196,25.12003139028318,25.191348802396664,104782000
2016-12-07,25.54334259033203,25.580152717341864,25.11313520092625,25.136140652705663,119994800
2016-12-08,25.794097900390625,25.865415302989362,25.4444088346359,25.504224392894475,108273200
2016-12-09,26.21510887145996,26.38765237457673,25.837813885060886,25.837813885060886,137610400
2016-12-12,26.065568923950195,26.45666677418299,25.879220773133106,26.06326785277385,105497600
2016-12-13,26.500381469726562,26.668322826103353,26.169097389460877,26.189801766875863,174935200
2016-12-14,26.500381469726562,26.732738784998737,26.452069500555023,26.46587241883168,136127200
2016-12-15,26.64531707763672,26.85467069689595,26.509583702233826,26.544090997537463,186098000
2016-12-16,26.679828643798828,26.80175911257715,26.606210148204177,26.794857652865684,177404400
2016-12-19,26.833965301513672,27.00420773209918,26.629213819473506,26.640717421692816,111117600
2016-12-20,26.905284881591797,27.03181749535354,26.843169988147295,26.856972907756425,85700000
2016-12-21,26.930585861206055,27.008806485032228,26.866169909350997,26.870772051742385,95132800
2016-12-22,26.753448486328125,26.804061533698256,26.60391041597186,26.767251406445986,104343600
2016-12-23,26.80635643005371,26.80635643005371,26.592402427489088,26.592402427489088,56998000
2016-12-27,26.976598739624023,27.10083025720737,26.79945311530583,26.80635457374884,73187600
2016-12-28,26.861572265625,27.151444078578333,26.732738593553627,27.03641507988799,83623600
2016-12-29,26.85467529296875,26.942096714705162,26.77875571990097,26.790257568569604,60158000
2016-12-30,26.64531707763672,26.962796480852713,26.555594599440823,26.836265635931866,122345200
2017-01-03,26.72123908996582,26.762649603333717,26.401458585981693,26.64071913486251,115127600
2017-01-04,26.69133186340332,26.804061561829098,26.62921696760427,26.652222419559344,84472400
2017-01-05,26.827064514160156,26.884579016290644,26.64301740526128,26.668323926614956,88774400
2017-01-06,27.12613868713379,27.183653185150572,26.79485461689209,26.86617203276788,127007600
2017-01-09,27.374601364135742,27.47582744741152,27.133041513413918,27.13534082970417,134247600
2017-01-10,27.40220832824707,27.464323215522036,27.21586191121894,27.323987696089937,97848400
2017-01-11,27.549448013305664,27.59085852729163,27.284880938128854,27.317088920650892,110354400
2017-01-12,27.43440818786621,27.445911786462126,27.195147729733453,27.353888263302956,108344800
2017-01-13,27.3861026763916,27.519536728605953,27.333188567684832,27.402206665093118,104447600
2017-01-17,27.606958389282227,27.66217181460391,27.19745545400704,27.22506128906631,137759200
2017-01-18,27.604660034179688,27.721990110335962,27.540244072432184,27.60696110572876,94852000
2017-01-19,27.556344985961914,27.627662399190104,27.462022125421704,27.468923584095,102389200
2017-01-20,27.606958389282227,27.710483781160775,27.544843505195725,27.710483781160775,130391600
2017-01-23,27.625364303588867,27.793305656069048,27.554045132006674,27.60695924284487,88200800
2017-01-24,27.600061416625977,27.629968327868966,27.491933864527088,27.503437467807007,92844000
2017-01-25,28.03946876525879,28.090081806735956,27.671376311611134,27.7035842916051,129510400
2017-01-26,28.053268432617188,28.168297413554335,27.975047812874386,27.991151799997468,105350400
2017-01-27,28.055572509765625,28.14759606117314,27.975052560485274,28.099284091604925,82251600
2017-01-30,27.981958389282227,27.981958389282227,27.758803567915947,27.820918465573875,121510000
2017-01-31,27.91753578186035,27.926738311770396,27.749594437810618,27.871524887513246,196804000
2017-02-01,29.619970321655273,30.020272543535167,29.21966985497879,29.224270243127602,447940000
2017-02-02,29.569355010986328,29.767205035094836,29.396811507766348,29.442824161746977,134841600
2017-02-03,29.695892333984375,29.721198858894002,29.48423935765253,29.51874665961697,98029200
2017-02-06,29.97425651550293,30.0225702420806,29.65447602268937,29.70739189237126,107383600
2017-02-07,30.25954246520996,30.388374443176563,30.01107928895661,30.031783676042355,152735200
2017-02-08,30.37686538696289,30.41827766411424,30.188219598895046,30.21812827070394,92016400
2017-02-09,30.59635353088379,30.603284910354823,30.295980826512785,30.41843989800148,113399600
2017-02-10,30.52704429626465,30.716511453658075,30.510872248423865,30.60560582712058,80262000
2017-02-13,30.79737091064453,30.919833509046352,30.672602553228607,30.748851253837106,92141600
2017-02-14,31.197111129760742,31.213283179637184,30.78814195304018,30.838974439440555,132904800
2017-02-15,31.31032371520996,31.485928118966612,31.104684499463215,31.31263652618138,142492400
2017-02-16,31.273357391357422,31.400435071703008,31.155516852353124,31.347293303978862,90338400
2017-02-17,31.358840942382812,31.384257178844305,31.21558771448665,31.21558771448665,88792800
2017-02-21,31.585269927978516,31.596823402172017,31.418909771343014,31.476673616685193,98028800
2017-02-22,31.680007934570312,31.682317219483558,31.44895252071614,31.52288841982405,83347600
2017-02-23,31.54599380493164,31.76549573206779,31.492852049559353,31.74239230720515,83152800
2017-02-24,31.57602882385254,31.57602882385254,31.257171273808243,31.402737290241557,87106400
2017-02-27,31.638416290283203,31.756256808358447,31.48823168075205,31.686939478718745,81029600
2017-02-28,31.652292251586914,31.756266515014435,31.585284186390634,31.673086399147035,93931600
2017-03-01,32.29922866821289,32.38240874255942,31.793220368698762,31.860224874821586,145658400
2017-03-02,32.10747528076172,32.41246672120439,32.06126135817369,32.3477714603339,104844000
2017-03-03,32.29692840576172,32.30848188263105,32.02197187415191,32.06587297087968,84432400
2017-03-06,32.195247650146484,32.29460327171151,32.02426896864415,32.20217902774121,87000000
2017-03-07,32.23686981201172,32.34315338567785,32.0681967299665,32.13058271271785,69785200
2017-03-08,32.116703033447266,32.301548072577894,32.07511475059646,32.10514955744675,74828800
2017-03-09,32.04276657104492,32.06818281034635,31.666148603102606,32.056632858903505,88623600
2017-03-10,32.1490478515625,32.19988032103794,32.03352015286843,32.17446408630022,78451200
2017-03-13,32.162925720214844,32.216067499402925,32.07512702538827,32.08205840851597,69686800
2017-03-14,32.11438751220703,32.26688137867309,32.07972709093619,32.186014113624836,61236400
2017-03-15,32.454044342041016,32.52104885946369,32.123633273411656,32.21143545714722,102767200
2017-03-16,32.50718688964844,32.583435599648205,32.407831227906016,32.51411827004607,76928000
2017-03-17,32.3454475402832,32.57881223101058,32.322340589443556,32.57881223101058,175540000
2017-03-20,32.685096740722656,32.69433740496831,32.40089607500655,32.44017506789506,86168000
2017-03-21,32.310791015625,32.99471665093121,32.2853747768826,32.83528783751306,158119600
2017-03-22,32.67586135864258,32.71745317302266,32.292308464990825,32.31310613499406,103440800
2017-03-23,32.560333251953125,32.71283069351587,32.488706627299024,32.638891257984966,81385200
2017-03-24,32.49563217163086,32.74979452858138,32.42862765513974,32.69433996189426,89582400
2017-03-27,32.551082611083984,32.629640593044236,32.02889520312705,32.2068088304343,94300400
2017-03-28,33.225765228271484,33.28121626453851,32.49100726710479,32.55801530342798,133499200
2017-03-29,33.29970932006836,33.3852022314122,33.0848294503589,33.19804436103866,116760000
2017-03-30,33.25581359863281,33.38751691474966,33.15646143437077,33.3158902799325,84829200
2017-03-31,33.19341278076172,33.3343566867882,33.04322468628684,33.20727553780942,78646800
2017-04-03,33.202667236328125,33.29971010159959,33.052482605089835,33.20498004721343,79942800
2017-04-04,33.44989776611328,33.477623291318075,33.080207643793266,33.0986925024719,79565600
2017-04-05,33.276607513427734,33.60932793169963,33.22808431675207,33.322817899159624,110871600
2017-04-06,33.19341278076172,33.39212052490356,33.144889605469864,33.33897525538751,84596000
2017-04-07,33.119476318359375,33.313561985521645,33.10330427557512,33.2095877728008,66688800
2017-04-10,33.080204010009766,33.24425490924556,33.017818059525624,33.17955967379013,75733600
2017-04-11,32.72437286376953,33.12178837836335,32.36161424408937,33.02705483143253,121517600
2017-04-12,32.763668060302734,32.84453536364532,32.581132255129475,32.71745766901742,81400000
2017-04-13,32.590362548828125,32.897666631967866,32.590362548828125,32.789070319669406,71291600
2017-04-17,32.77058792114258,32.782141396308624,32.548773185081686,32.689717120605906,66328400
2017-04-18,32.6250114440918,32.819097072484,32.60421731082645,32.673534614002094,58790000
2017-04-19,32.5048828125,32.809877734444996,32.45174103996478,32.78215220540519,69313600
2017-04-20,32.911537170410156,33.0224427935341,32.615786491662185,32.6296492538494,93278400
2017-04-21,32.87225341796875,32.96698345443212,32.775210571057656,32.91153241369759,69283600
2017-04-24,33.18880081176758,33.26042742878248,33.082513765934344,33.156453193579374,68537200
2017-04-25,33.39444351196289,33.47993289925257,33.241946070614006,33.25119026285557,75486000
2017-04-26,33.198028564453125,33.4106025734352,33.128714785029175,33.3805642519351,80164800
2017-04-27,33.22345733642578,33.30895023936952,33.11255172184781,33.25349566926757,56985200
2017-04-28,33.191104888916016,33.34129300564496,33.103306239396055,33.2927698231632,83441600
2017-05-01,33.86811065673828,34.01136391757358,33.49380192971616,33.526149553957254,134411600
2017-05-02,34.08299255371094,34.217005155060875,33.928185805330884,34.08992393605431,181408800
2017-05-03,33.97900390625,34.078359553815964,33.33436094186979,33.63935221272565,182788000
2017-05-04,33.856544494628906,33.997488417226116,33.690184339247764,33.85423521005775,93487600
2017-05-05,34.41802215576172,34.42264072641439,33.90969733385166,33.90969733385166,109310800
2017-05-08,35.35379409790039,35.51322292684159,34.43419436903658,34.43419436903658,195009600
2017-05-09,35.580223083496094,35.78586225291136,35.4554511904516,35.55249403747193,156521600
2017-05-10,35.41155242919922,35.56867194825436,35.145840106230295,35.4970453320954,103222800
2017-05-11,35.71780776977539,35.74565127496851,35.33731290713693,35.36979404638002,109020400
2017-05-12,36.21662521362305,36.29086629146974,35.884850329613776,35.89181032003133,130108000
2017-05-15,36.12382125854492,36.34422922660591,35.97301673833962,36.19574352326371,104038800
2017-05-16,36.07046127319336,36.207345816128424,35.896454418221445,36.17950585219005,80194000
2017-05-17,34.859378814697266,35.86166015777353,34.73409541690228,35.63661097305999,203070800
2017-05-18,35.39067840576172,35.57628645594224,35.063548155767805,35.09602929903596,134272800
2017-05-19,35.51129913330078,35.724747001461104,35.411536956518106,35.58554371710086,107843200
2017-05-22,35.72709655761719,35.86398113051497,35.476526206788755,35.72941537506011,91865600
2017-05-23,35.683006286621094,35.93821421541674,35.5693205340456,35.93821421541674,79675600
2017-05-24,35.57628631591797,35.76885435745666,35.4208405923051,35.69229090430183,76712000
2017-05-25,35.699256896972656,35.810623869469445,35.5043700053728,35.66677574837268,76942400
2017-05-26,35.63892364501953,35.78509053405886,35.569320195944684,35.72940706676329,87710400
2017-05-30,35.6528434753418,35.82916914409434,35.5739612188087,35.59484119138891,80507600
2017-05-31,35.44171905517578,35.76885283009231,35.35355797909039,35.722451704755954,97804800
2017-06-01,35.53915786743164,35.57396136205059,35.31643107865565,35.536839050528435,65616400
2017-06-02,36.065818786621094,36.065818786621094,35.471875976360536,35.631962843537316,111082800
2017-06-05,35.71316146850586,35.83380719987951,35.60412044112713,35.80828605555389,101326800
2017-06-06,35.83381271362305,36.1493453010279,35.67836700705885,35.70620697236029,106499600
2017-06-07,36.04724884033203,36.188774517651595,35.840760905243904,35.96604778821009,84278400
2017-06-08,35.959102630615234,36.08670484231927,35.82221452940671,36.019423740514945,85003200
2017-06-09,34.56471633911133,36.00549447499846,33.87797135357596,36.00549447499846,259530800
2017-06-12,33.73876953125,33.89421523399402,33.06362206785271,33.81301415713416,289229200
2017-06-13,34.010215759277344,34.2097437423721,33.676122062916065,34.142462655827934,136661600
2017-06-14,33.67844009399414,34.22134051075947,33.372186398273556,34.22134051075947,126124800
2017-06-15,33.476593017578125,33.52067531502955,32.994017182789065,33.25154743721436,128661600
2017-06-16,33.007930755615234,33.52530998067635,32.99168842173737,33.3582631702228,201444400
2017-06-19,33.95222473144531,34.04503053351135,33.330441788409985,33.330441788409985,130165600
2017-06-20,33.643653869628906,34.07519113673098,33.6274150660144,34.07519113673098,99600400
2017-06-21,33.84315872192383,33.88956336369709,33.550828595708744,33.76195767917487,85063200
2017-06-22,33.787498474121094,34.03574645919202,33.669171525002966,33.819979618154086,76425200
2017-06-23,33.93830871582031,34.14247796406717,33.666858350862896,33.6714995265539,141757600
2017-06-26,33.83158493041992,34.40232560838147,33.72950031090039,34.14479524193161,102769600
2017-06-27,33.346675872802734,33.910459977521306,33.32115472336808,33.64364731703564,99047600
2017-06-28,33.83389663696289,33.89885891933453,33.214432597089726,33.523005208444474,88329600
2017-06-29,33.33507537841797,33.67149150233917,33.010263961048665,33.57404807712838,125997600
2017-06-30,33.41395950317383,33.63204867536002,33.35827603149477,33.51372174056437,92096400
2017-07-03,33.29330825805664,33.710925376297865,33.20050602741556,33.61348197207128,57111200
2017-07-05,33.43020248413086,33.5926082049495,33.112351034801584,33.33740022657141,86278400
2017-07-06,33.11467361450195,33.29332169778916,33.04043250805533,33.181958268029426,96515200
2017-07-07,33.451080322265625,33.583327248020424,33.154108868848056,33.154108868848056,76806800
2017-07-10,33.65525817871094,33.8617462508303,33.2631620154306,33.43485011928598,84362400
2017-07-11,33.764286041259766,33.838530656946226,33.49747697651507,33.57867804222174,79127200
2017-07-12,33.81300735473633,33.915088384522775,33.5995594085281,33.84316613027823,99538000
2017-07-13,34.283992767333984,34.45103963699194,33.74341102804902,33.75733101049074,100797600
2017-07-14,34.578643798828125,34.645928438020356,34.18191011600604,34.33039583744347,80528400
2017-07-17,34.69929122924805,35.01018267036603,34.46960441447506,34.527606707527475,95174000
2017-07-18,34.8199348449707,34.831536010902305,34.49280108266514,34.61576565314673,71475200
2017-07-19,35.038028717041016,35.13083097657728,34.78977718550363,34.91274177246986,83692000
2017-07-20,34.88025665283203,35.2050716045532,34.845456694516386,35.14938813106929,68974800
2017-07-21,34.864009857177734,34.90345098095028,34.54151733675225,34.79904758976671,105010400
2017-07-24,35.28626251220703,35.36746711176589,34.77816202624112,34.93593005219546,85972800
2017-07-25,35.437068939208984,35.69227680875969,35.218979832746115,35.218979832746115,75415600
2017-07-26,35.60411834716797,35.71315936813375,35.51131258227014,35.57859720434331,63124000
2017-07-27,34.93129348754883,35.727086631610675,34.17494501031293,35.671403166837266,129905200
2017-07-28,34.68537139892578,34.854737104138636,34.613449121650966,34.77585483488103,68854800
2017-07-31,34.5067138671875,34.87792985848564,34.367510525584244,34.77816410050082,79383600
2017-08-01,34.81297302246094,34.85241415241093,34.43247816509669,34.59256504206811,141474400
2017-08-02,36.457916259765625,37.063460259127524,36.23054829293145,36.954415679689205,279747200
2017-08-03,36.09366989135742,36.474164805577196,35.96606413411134,36.437042487073036,108389200
2017-08-04,36.283905029296875,36.51823295889064,36.12149935828248,36.209663954052346,82239600
2017-08-07,36.845367431640625,36.87088857620592,36.348868061152366,36.439351475487854,87481200
2017-08-08,37.1400146484375,37.54603054605949,36.72007877218262,36.796642194841226,144823600
2017-08-09,37.36737823486328,37.41610169461673,36.914961280769596,36.94976122332401,104526000
2017-08-10,36.17717742919922,37.267242568364914,36.01646187697015,37.2439491201272,163217200
2017-08-11,36.68027114868164,36.93415686119202,36.35185637630784,36.475303794776885,105028400
2017-08-14,37.232303619384766,37.31615505207782,36.97608992113349,37.10885617043124,88490800
2017-08-15,37.63991165161133,37.77966166110587,37.299846542421186,37.42096606058106,117862000
2017-08-16,37.4885139465332,37.851868971949614,37.302177033630144,37.71910627608485,110686400
2017-08-17,36.76879119873047,37.43261533993221,36.76413179853818,37.388359923307966,111762400
2017-08-18,36.684940338134766,37.150780850365045,36.50326282269144,36.768791772499455,109712400
2017-08-21,36.61738204956055,36.775766061624765,36.12824826344732,36.684927336098575,105474000
2017-08-22,37.21599578857422,37.26723852587376,36.806057444258705,36.85496870453865,86418400
2017-08-23,37.262577056884766,37.37670924800208,37.00636693869412,37.050622350639216,77596400
2017-08-24,37.09720993041992,37.43960298887121,36.929507062848636,37.367394724546074,79275600
2017-08-25,37.234622955322266,37.39766638293493,37.09720089162589,37.18570814999838,101920400
2017-08-28,37.60963439941406,37.73308185201082,37.25093521127621,37.29985002932449,103864000
2017-08-29,37.945045471191406,37.99395674203041,37.26724657119816,37.290540021937794,118067600
2017-08-30,38.04751968383789,38.17329503991752,37.87515744009567,38.15233307291767,109078400
2017-08-31,38.198917388916016,38.32003690260881,38.07779787522322,38.11506596467956,107140400
2017-09-01,38.210567474365234,38.41786635335139,38.11274139649231,38.385257660727085,66364400
2017-09-05,37.7517204284668,38.25715702322757,37.39768059816229,38.14069688008228,117874000
2017-09-06,37.71210861206055,37.963662842390605,37.388349691873536,37.89844547386948,86606800
2017-09-07,37.560726165771484,37.78899061790352,37.3510993181451,37.754050440577984,87714000
2017-09-08,36.948143005371094,37.53509951790412,36.92484955709291,37.46755420442734,114446000
2017-09-11,37.61662292480469,37.74472978180447,37.24162115472234,37.38370265901643,126323200
2017-09-12,37.46754455566406,38.18959861736738,36.980742177111466,37.875154916994575,286856000
2017-09-13,37.18572235107422,37.25793062538174,36.78044332681693,37.23696509847619,179629600
2017-09-14,36.86661148071289,37.127480985161284,36.82235607104816,37.031986397763134,95042800
2017-09-15,37.239288330078125,37.49317053339173,36.80139715072568,36.91086994556379,196458400
2017-09-18,36.95744323730469,37.38368757823772,36.80138714867015,37.29284885338837,113077600
2017-09-19,36.971435546875,37.21367463162102,36.9038902285617,37.153113083393784,83242400
2017-09-20,36.35185623168945,36.86194846899141,35.830113719840035,36.778097057338464,211805600
2017-09-21,35.72763442993164,36.28897304494731,35.578565622840415,36.28897304494731,150046800
2017-09-22,35.37825012207031,35.466760938093564,35.06846582006925,35.296726627935186,186581600
2017-09-25,35.06615447998047,35.364292201794925,34.74239538109999,34.935719670946895,177549200
2017-09-26,35.66940689086914,35.85108440127797,35.331673239677386,35.35263520916742,146640000
2017-09-27,35.92329025268555,36.03742245811878,35.762574706654625,35.823136248104575,102016800
2017-09-28,35.70201110839844,35.934931328862454,35.56691695403965,35.84409258504471,88022000
2017-09-29,35.89767074584961,35.90000222315323,35.40388091253344,35.68571600201449,105199200
2017-10-02,35.82545852661133,35.974527325485546,35.571576339386255,35.93027191496218,74795200
2017-10-03,35.98151779174805,36.123599280752316,35.84875510265796,35.872044994281765,64921200
2017-10-04,35.748600006103516,35.837110840962715,35.51102390318841,35.78354017706002,80655200
2017-10-05,36.193477630615234,36.20512435397174,35.88136534751433,35.91164256334408,85135200
2017-10-06,36.172515869140625,36.216771285701384,36.000153603083184,36.09565175944262,69630400
2017-10-09,36.29827880859375,36.505577619836615,36.21675888071339,36.29129148774914,65051600
2017-10-10,36.312278747558594,36.801412871919545,36.12594532311848,36.34954685407952,62468000
2017-10-11,36.46366882324219,36.56382283295449,36.277331897223505,36.32857464073067,67622400
2017-10-12,36.33555221557617,36.65465176118932,36.272662764675964,36.41707570948683,64500400
2017-10-13,36.5661506652832,36.63369597276531,36.43105649623809,36.50558912676728,65576800
2017-10-16,37.239288330078125,37.26723762098803,36.719873646797474,36.778103705580264,96486000
2017-10-17,37.37671661376953,37.469883301638944,37.087894194844225,37.216001056225664,75989200
2017-10-18,37.211334228515625,37.43261128768263,37.17406969325437,37.3650624314904,65496800
2017-10-19,36.33089828491211,36.5871119722712,36.107296843290385,36.51024786606347,170336800
2017-10-20,36.39377975463867,36.74316004028321,36.32623446320929,36.47763116535656,95896400
2017-10-23,36.375152587890625,36.72919233940038,36.219096457297425,36.542855441022574,87937200
2017-10-24,36.591773986816406,36.66630662132224,36.3821436219765,36.403105592236166,71028800
2017-10-25,36.43105697631836,36.696585917849305,36.16552803478742,36.54751710074563,84828400
2017-10-26,36.66397476196289,36.7618008334198,36.517233877737176,36.62204727186381,68002000
2017-10-27,37.97765350341797,38.105760372075004,36.96444883340868,37.10187094974917,177816800
2017-10-30,38.832454681396484,39.146898362121874,38.13369410563347,38.17329011177043,178803200
2017-10-31,39.37283706665039,39.51491855976353,38.883706679435335,39.10730812671052,144187200
2017-11-01,38.87206268310547,39.58247019850598,38.573925029770365,39.566164074081144,134551200
2017-11-02,39.15623474121094,39.24707352292862,38.49706981579001,38.80452634103878,165573600
2017-11-03,40.17874526977539,40.5886836521891,39.85731417031122,40.52812566342561,237594400
2017-11-06,40.586360931396484,40.758723227159884,39.997072876231286,40.14846964458664,140105200
2017-11-07,40.7167854309082,40.81927090225437,40.43495393878697,40.50715864248612,97446000
2017-11-08,41.04988098144531,41.04988098144531,40.60500229011575,40.68186642689643,97638000
2017-11-09,40.96601867675781,41.01726142104952,40.327815850449234,40.786669071736846,117930400
2017-11-10,40.830440521240234,40.99640999054884,40.73693890579127,40.933294438348895,100582000
2017-11-13,40.66680908203125,40.790700322015965,40.5335655408074,40.55694272704739,67928400
2017-11-14,40.0520133972168,40.552254357040376,40.0146113372461,40.44940047554934,99130000
2017-11-15,39.52372741699219,39.81358806625075,39.360097843562826,39.731771496107484,116632400
2017-11-16,39.99591827392578,40.17590901947847,39.80891152035712,40.014615739111214,94550000
2017-11-17,39.77384948730469,40.06371016093212,39.65463440953874,39.98189358391045,87598000
2017-11-20,39.734100341796875,39.86968012490555,39.63592261613677,39.80656459881815,65049600
2017-11-21,40.472782135009766,40.60368579254124,39.92111417337202,39.92111417337202,100525200
2017-11-22,40.89823532104492,40.9075840565545,40.451757404724546,40.52422169721312,102355600
2017-11-24,40.90056228637695,41.024453513062106,40.82575815192538,40.93095191185509,56106800
2017-11-27,40.694854736328125,40.92627601601087,40.51953655783263,40.91926357421964,82867200
2017-11-28,40.45642852783203,40.87718934377625,40.17358026951966,40.743949369889336,105715200
2017-11-29,39.61723327636719,40.42135991448416,39.07491755078027,40.35357178635738,166665600
2017-11-30,40.17123794555664,40.2390260682573,39.37412381322835,39.83929907290369,166108800
2017-12-01,39.984230041503906,40.12915858256177,39.38814756965987,39.72709530718462,159037200
2017-12-04,39.69204330444336,40.35123791673735,39.65230493835277,40.318511993671095,130169600
2017-12-05,39.65463638305664,40.094101782104794,39.36477569500352,39.519056556395874,109400800
2017-12-06,39.50736999511719,39.785542104908174,38.9112909791169,39.154397309411614,114240000
2017-12-07,39.579837799072266,39.84164516474968,39.483996328830415,39.512046098907895,102693200
2017-12-08,39.59151077270508,39.97253667893352,39.46294698774947,39.85332162553846,93420800
2017-12-11,40.362918853759766,40.41434580408775,39.455938348183324,39.55177980714525,141095200
2017-12-12,40.13616943359375,40.29746270901659,40.08006990604287,40.241359614608676,77636800
2017-12-13,40.26942443847656,40.56629403478115,40.20630888511107,40.323187690009654,95273600
2017-12-14,40.257720947265625,40.470441149509966,40.124477446896066,40.29979558936755,81906000
2017-12-15,40.66680908203125,40.713559887653396,40.31383639769752,40.587332355787815,160677200
2017-12-18,41.2395133972168,41.421844031172604,40.87485212930518,40.879528279802386,117684400
2017-12-19,40.800045013427734,40.99874037620498,40.69485481948698,40.91458750768088,109745600
2017-12-20,40.75563049316406,41.005749218272555,40.498495760008446,40.87718185169475,93902400
2017-12-21,40.90991973876953,41.14601721745083,40.697203015659234,40.71356419427162,83799600
2017-12-22,40.90991973876953,41.00576121889049,40.79070463679399,40.83277929624716,65397600
2017-12-26,39.87202453613281,40.08240489130736,39.66397690538748,39.92578777056952,132742000
2017-12-27,39.87904739379883,39.92112204908144,39.67100327556646,39.76216859553665,85992800
2017-12-28,39.99125671386719,40.17125109194283,39.85100070580801,39.97255567500207,65920800
2017-12-29,39.558799743652344,39.87671023915788,39.5564634515975,39.86034906105778,103999600
2018-01-02,40.26707077026367,40.27642306888876,39.565798181369,39.7761820981515,102223600
2018-01-03,40.26005554199219,40.802374685276824,40.19694358149866,40.330183509397145,118071600
2018-01-04,40.44707107543945,40.54992497445396,40.22500210267125,40.3325285848356,89738400
2018-01-05,40.907562255859375,40.99405138894915,40.451735846951074,40.54290112873273,94640000
2018-01-08,40.75563049316406,41.05016372371372,40.657449182790344,40.75563049316406,82271200
2018-01-09,40.7509651184082,40.921607177245335,40.53590854238624,40.80239207863717,86336000
2018-01-10,40.74159240722656,40.74393226497454,40.4400468068122,40.47744886221662,95839600
2018-01-11,40.9730339050293,41.022124572917754,40.78836696115157,40.81174058221333,74670800
2018-01-12,41.39612579345703,41.45924133390934,41.05951433352114,41.18340555601736,101672400
2018-01-16,41.18574905395508,41.933772604993706,41.17406046145214,41.58547252280897,118263600
2018-01-17,41.865970611572266,41.90103281061262,40.92392815088581,41.176383117689284,137547200
2018-01-18,41.90337371826172,42.09973275509077,41.667279896046836,41.92908718934309,124773600
2018-01-19,41.716373443603516,41.97818075507873,41.47092730566695,41.75143564894141,129700400
2018-01-22,41.375091552734375,41.55742217931307,41.28158994771982,41.44521953992409,108434400
2018-01-23,41.384437561035156,41.94545785474811,41.33301417846406,41.44521681046371,130756400
2018-01-24,40.72524642944336,41.44522021370444,40.486812695865126,41.433531621173195,204420400
2018-01-25,39.998252868652344,40.89588096747637,39.86267306723772,40.79302707903376,166116000
2018-01-26,40.09175109863281,40.206293567865494,39.75280340692622,40.206293567865494,156572000
2018-01-29,39.26192855834961,39.776194571434615,39.053884434411934,39.776194571434615,202561600
2018-01-30,39.030494689941406,39.12399627428952,38.499864103281,38.6938832793173,184192800
2018-01-31,39.13801956176758,39.37411693794769,38.92062678192371,39.00711592226718,129915600
2018-02-01,39.21984100341797,39.41619648711814,38.98140730643512,39.07724875688061,188923200
2018-02-02,37.51808166503906,38.990754742832486,37.42458008451683,38.803748014931365,346375200
2018-02-05,36.58071517944336,38.30818309023463,36.466172711856956,37.19082244248908,290954000
2018-02-06,38.109493255615234,38.27078653650845,35.99866285535439,36.19268205071455,272975200
2018-02-07,37.29367446899414,38.19597867026354,37.183811712279685,38.12351440723926,206434400
2018-02-08,36.267486572265625,37.634969821723445,36.23943680447615,37.46900037296808,217562000
2018-02-09,36.71108627319336,37.0584569628266,35.262922282513344,36.86599613070262,282690400
2018-02-12,38.189762115478516,38.466718895803275,36.96926416827277,37.20162894435836,243278000
2018-02-13,38.572349548339844,38.66858177983185,37.94097729101988,38.01139120629208,130196800
2018-02-14,39.28352355957031,39.32342394356788,38.22967494691538,38.267225932124475,162579600
2018-02-15,40.60259246826172,40.62606138201437,39.66609578151257,39.851515600178224,204588800
2018-02-16,40.47114562988281,41.032107382495894,40.31623936113969,40.45471775078253,160704400
2018-02-20,40.335025787353516,40.900675720101226,40.234098347646515,40.381967200086905,135722000
2018-02-21,40.15194320678711,40.86780765643654,40.13785756271119,40.56503256469426,149886400
2018-02-22,40.48758316040039,40.827912853294784,40.302163340873086,40.32328643776861,123967600
2018-02-23,41.19171905517578,41.22692422009872,40.73168460558105,40.762198136114456,135249600
2018-02-26,42.006160736083984,42.10473876856565,41.358360702033096,41.39122004619365,152648800
2018-02-27,41.87003707885742,42.36058152900351,41.816054626517115,42.03668323356099,155712400
2018-02-28,41.80666732788086,42.393444058089834,41.7902394417635,42.07423737360011,151128400
2018-03-01,41.07434844970703,42.19626465227854,40.52512659282956,41.90522226538842,195208000
2018-03-02,41.35835266113281,41.37947575368643,40.47583859285667,40.557988727986356,153816000
2018-03-05,41.50154113769531,41.71747451781942,40.96170589668479,41.123656827127995,113605600
2018-03-06,41.46632766723633,41.83717090219632,41.339585499505745,41.757370145425206,95154000
2018-03-07,41.08140182495117,41.27386626316505,40.903023033099316,41.0602787275082,126814000
2018-03-08,41.52969741821289,41.57194361047891,41.09078970758341,41.18701833932262,95096400
2018-03-09,42.243221282958984,42.24791649869535,41.63532156620826,41.76910835419292,128740800
2018-03-12,42.65161895751953,42.808874660866046,42.29720717069979,42.315980870782745,128828400
2018-03-13,42.240875244140625,43.06940353794993,42.069537475364825,42.855815990569,126774000
2018-03-14,41.881771087646484,42.369969694227,41.73390222458302,42.323028278121285,117473600
2018-03-15,41.931053161621094,42.30424579003283,41.79492414608478,41.89584799922378,90975200
2018-03-16,41.78318786621094,42.04136741352731,41.689301464223135,41.93105312956666,157618800
2018-03-19,41.144771575927734,41.65409318133053,40.759846310114575,41.61888802159753,133787200
2018-03-20,41.13069152832031,41.49683953309172,41.06027762400275,41.13069152832031,78597600
2018-03-21,40.198883056640625,41.09547563260166,40.19653365868567,41.08373938702482,148219600
2018-03-22,39.63089370727539,40.52983232296425,39.572216046223105,39.90080951555583,165963200
2018-03-23,38.713165283203125,39.88202301847782,38.713165283203125,39.522916102330775,164115200
2018-03-26,40.55094528198242,40.62840019813181,39.06522697707837,39.44780634373773,150164800
2018-03-27,39.511199951171875,41.109579308769774,39.17791117367374,40.764554279524276,163690400
2018-03-28,39.074615478515625,39.90549291864882,38.77184041292756,39.25534362385068,166674000
2018-03-29,39.37974166870117,40.31154297775571,39.17319520783287,39.386782699739925,153594000
2018-04-02,39.121559143066406,39.65200736477822,38.60285074845011,39.11217229534909,150347200
2018-04-03,39.52292251586914,39.60741848522696,38.69908950068041,39.34688954482369,121112000
2018-04-04,40.278682708740234,40.37256550802131,38.67326320379897,38.69908151081114,138422000
2018-04-05,40.5579948425293,40.89362930170126,40.38900291382461,40.50635822090288,107732800
2018-04-06,39.52056884765625,40.482880082690045,39.47831908067078,40.12846839403067,140021200
2018-04-09,39.91254425048828,40.62606300601005,39.8656028397066,39.872643872253846,116070800
2018-04-10,40.663612365722656,40.839645319686824,40.259909838119526,40.60493471440127,113634400
2018-04-11,40.47350311279297,40.82087385529702,40.29981595084088,40.42421230284707,89726400
2018-04-12,40.87250900268555,41.07436028792793,40.61432587688714,40.70117124541933,91557200
2018-04-13,41.01097869873047,41.27150758615567,40.80443582338923,41.02271494402695,100497200
2018-04-16,41.266822814941406,41.353664598056646,41.0344580124711,41.08139942006313,86313600
2018-04-17,41.83481979370117,41.99911650197846,41.40529895401935,41.42407623230813,106421600
2018-04-18,41.740936279296875,41.97095526813903,41.515616087100334,41.733895247128224,83018000
2018-04-19,40.5579948425293,41.16589447365878,40.525135499803376,40.78331502653571,139235200
2018-04-20,38.896240234375,40.18714851166951,38.8281721559885,40.04162908827687,261964400
2018-04-23,38.78357696533203,39.17788901493464,38.51365765341196,39.156765922577186,146062000
2018-04-24,38.243743896484375,39.039412648935595,37.84004139740122,38.88450280085499,134768000
2018-04-25,38.41038513183594,38.82582386282192,38.11934630361461,38.16863352002018,113528400
2018-04-26,38.54417419433594,38.89858590345385,38.344668756042076,38.520701702278025,111852000
2018-04-27,38.09823226928711,38.56999935976334,37.70157072022894,38.49254441988215,142623200
2018-04-30,38.78827667236328,39.257697923260864,37.98556676309641,38.05363485006051,169709600
2018-05-01,39.689571380615234,39.71304029620329,38.79062918324785,39.05819917447311,214277600
2018-05-02,41.4428596496582,41.71981648729503,40.79271017052406,41.12834466848057,266157600
2018-05-03,41.517967224121094,41.661140865562984,40.94292684113001,41.28091075413384,136272800
2018-05-04,43.146846771240234,43.24542478603207,41.81838401597067,41.83716129232139,224805200
2018-05-07,43.459022521972656,44.04814493310454,43.36279030101084,43.46371415611706,169805600
2018-05-08,43.66791534423828,43.707815723321396,43.1093028742744,43.41912263854349,113611200
2018-05-09,43.97537612915039,43.98476297690126,43.473095611593955,43.7852611249509,92844800
2018-05-10,44.60440444946289,44.68185938348441,44.043446213428126,44.0645728909975,111957200
2018-05-11,44.43475341796875,44.78110870210072,44.16615172774492,44.646809654593504,104848800
2018-05-14,44.331092834472656,44.656243653269094,44.26276586287573,44.53372248173257,83115200
2018-05-15,43.92818832397461,44.076627354090526,43.612464172969005,44.008296792998124,94780800
2018-05-16,44.338157653808594,44.404133352868826,43.82451718880194,43.841012012369504,76732400
2018-05-17,44.05778121948242,44.51016293392808,43.90934217740125,44.29575178319089,69176000
2018-05-18,43.897552490234375,44.25097597581326,43.85514339766552,44.10489541890773,73190800
2018-05-21,44.20857620239258,44.59498581760541,44.03893260593715,44.295752863411764,73603200
2018-05-22,44.097835540771484,44.50309483483212,44.008300423764275,44.385286984121706,60962800
2018-05-23,44.380577087402344,44.41356314433773,43.76797477836174,43.90699078528495,80233600
2018-05-24,44.331092834472656,44.49366824387088,43.874001393175,44.47717701426208,92936000
2018-05-25,44.432403564453125,44.68451046232307,44.21327912142766,44.3499366417125,69844000
2018-05-29,44.27218246459961,44.472457219965484,44.02949861480413,44.201500640550265,90056400
2018-05-30,44.17793655395508,44.29574438476563,44.00829298997112,44.2297722871285,74762000
2018-05-31,44.02950668334961,44.34994419353032,43.85750822129398,44.11197362013253,109931200
2018-06-01,44.82353210449219,44.828241829945235,44.23684771666393,44.293396778992886,93770000
2018-06-04,45.19815444946289,45.57278250226014,45.0850599344167,45.15338689688778,105064800
2018-06-05,45.546871185302734,45.69531022935619,45.32303698544506,45.49032571725215,86264000
2018-06-06,45.704742431640625,45.72830544485563,45.21937455918444,45.622279075810226,83734400
2018-06-07,45.58222198486328,45.756575329013636,45.318329915125986,45.74243896005126,85388800
2018-06-08,45.16752243041992,45.238207849226285,44.71278592096952,45.04264641511956,106627200
2018-06-11,45.05678176879883,45.23113865191412,44.816456383543546,45.08505809281272,73234000
2018-06-12,45.3041877746582,45.38194138925669,45.03794087574918,45.09448993960545,67644400
2018-06-13,44.93191146850586,45.44555554341027,44.870652683238966,45.33717074386563,86553600
2018-06-14,44.95547103881836,45.13689611332946,44.818813517322575,45.13218279322,86440400
2018-06-15,44.4936637878418,44.8046782086226,44.357006263123864,44.7740470200036,246876800
2018-06-18,44.4701042175293,44.5831987359482,44.107254061254174,44.26747459129005,73939600
2018-06-19,43.7514762878418,43.90227017955534,43.223695869239414,43.62188694452313,134314000
2018-06-20,43.94232177734375,44.10725202475832,43.76089670758285,43.90698086547268,82514800
2018-06-21,43.697288513183594,44.37821773005367,43.57476734474176,44.11903902665944,102847600
2018-06-22,43.57004928588867,43.85985555346904,43.51821355084701,43.852787370982426,108801600
2018-06-25,42.922096252441406,43.57003919519067,42.5828091908229,43.21190245290347,126652400
2018-06-26,43.454593658447266,43.94938797353978,43.009280212947836,43.115310134188796,98276800
2018-06-27,43.39097213745117,44.12609169928207,43.36034095730524,43.64307897376259,101141200
2018-06-28,43.70669937133789,43.873988050554196,43.30615351932165,43.37683892737374,69460800
2018-06-29,43.614810943603516,44.104891902626136,43.096457258455715,43.892835671059316,90950800
2018-07-02,44.102535247802734,44.130811570292906,43.216621705982554,43.310870122267346,70925200
2018-07-03,43.334434509277344,44.283965391794474,43.244899402321124,44.24626602094871,55819200
2018-07-05,43.68314743041992,43.92112157794117,43.41925900843449,43.65016137767174,66416800
2018-07-06,44.2886848449707,44.39706605714836,43.63602832826301,43.68786407155159,69940800
2018-07-09,44.90364074707031,44.92720016005415,44.60205293727909,44.64917535845704,79026400
2018-07-10,44.84944534301758,45.06856619589097,44.80938751433222,44.934267130145,63756400
2018-07-11,44.267486572265625,44.715155042108755,44.20386931553267,44.41356718122711,75326000
2018-07-12,45.00965881347656,45.09919391389085,44.60439959451979,44.65623532684284,72164400
2018-07-13,45.080345153808594,45.20050784745144,44.97902854938801,45.021441238162346,50055600
2018-07-16,44.98137664794922,45.391345505498975,44.86592370559536,45.1251023128351,60172400
2018-07-17,45.108619689941406,45.207577840766284,44.57848442788754,44.708073766542675,62138000
2018-07-18,44.861228942871094,45.191093088092565,44.750489273536566,45.186379767318016,65573600
2018-07-19,45.209938049316406,45.36780012426097,44.69393913236674,44.69393913236674,81147200
2018-07-20,45.10625457763672,45.33951173900121,44.80702173550467,45.186363025070804,82704800
2018-07-23,45.14632797241211,45.22879491198378,44.66331503037205,44.927203484664524,63957600
2018-07-24,45.47382354736328,45.62933074980564,45.24998938365914,45.34423421199465,74791600
2018-07-25,45.90264892578125,45.90971710862951,45.33952399399678,45.487963024230176,66839600
2018-07-26,45.75891876220703,46.171246165870855,45.61754792858129,45.85316358781776,76304000
2018-07-27,44.997886657714844,45.98983036478812,44.79054728056739,45.942707942491445,96096000
2018-07-30,44.74577713012695,45.2853354853208,44.547860810814726,45.21465005836353,84118000
2018-07-31,44.835304260253906,45.271194687816894,44.61147009280662,44.83766271788807,157492000
2018-08-01,47.47654724121094,47.53780600789209,46.48931722210318,46.918139374498324,271742800
2018-08-02,48.86433792114258,49.097598749071246,47.20560504150239,47.259795643672035,249616000
2018-08-03,49.00571060180664,49.182422376318144,48.414312895506896,48.7795179485394,133789600
2018-08-06,49.260169982910156,49.302579077921635,48.78893864166359,49.008059489642534,101701600
2018-08-07,48.79836654663086,49.36148791169574,48.715899615615555,49.31907881246056,102349600
2018-08-08,48.83134841918945,48.9632926213491,48.18811863605624,48.548610329531655,90102000
2018-08-09,49.21540832519531,49.427461016071646,48.81957208162651,49.368557091360415,93970400
2018-08-10,49.06882095336914,49.44003672333354,48.86548063525924,49.02862623567317,98444800
2018-08-13,49.385643005371094,49.87744283435731,49.10900627803238,49.48967807024764,103563600
2018-08-14,49.59371566772461,49.785233134291715,49.24141574509612,49.690657765657285,82992000
2018-08-15,49.709571838378906,49.82779284898479,49.25796671198787,49.46839996655359,115230400
2018-08-16,50.43782043457031,50.55367473143679,50.000401193766706,50.066604679924524,114001600
2018-08-17,51.44505310058594,51.532535490008144,50.399979846645785,50.466183320989956,141708000
2018-08-20,50.94379806518555,51.82335904051192,50.86104191692848,51.56800483956419,121150800
2018-08-21,50.844478607177734,51.352830997028676,50.60567352114959,51.26061877491701,104639200
2018-08-22,50.84684371948242,51.15658210678525,50.560747363256276,50.62222458125516,76072400
2018-08-23,50.950889587402344,51.31973854252035,50.74045634465841,50.75227555879988,75532800
2018-08-24,51.10929870605469,51.28426346034547,50.861033908194834,51.21333375337259,73905600
2018-08-27,51.53015899658203,51.71931327754481,51.1494873139784,51.343367836297325,82100400
2018-08-28,51.94630813598633,52.14491855568263,51.761883659437096,51.783162574157686,91107200
2018-08-29,52.721839904785156,52.8424276423776,51.8777437807323,52.0527085641898,109019200
2018-08-30,53.20655059814453,53.9702573574271,52.58470689450583,52.78568406644188,195175200
2018-08-31,53.82129669189453,54.11448247965439,53.43589505535609,53.55647918343615,173360400
2018-09-04,53.993896484375,54.18777705269031,53.584852825321335,54.005719306205876,109560400
2018-09-05,53.641597747802734,54.30363609852174,53.22309798700196,54.14285726319419,133332000
2018-09-06,52.75021743774414,53.755096048130156,52.324621069428616,53.49027852572328,137160000
2018-09-07,52.324623107910156,53.28694031504542,52.185123173027854,52.4546669488255,150479200
2018-09-10,51.622379302978516,52.45465610496239,51.18259706413789,52.24185615259656,158066000
2018-09-11,52.92753982543945,53.033937997206316,51.203875733106486,51.54671589005231,142996000
2018-09-12,52.27023696899414,53.19945233807959,51.97941069858313,53.18526639470711,197114800
2018-09-13,53.5328369140625,53.99153499554689,52.6249004519719,52.849519642275006,166825600
2018-09-14,52.92517852783203,53.63450455616086,52.613076951433094,53.37678363174455,127997200
2018-09-17,51.515987396240234,52.71474653653947,51.37175762273958,52.525592202926,148780400
2018-09-18,51.60112380981445,52.45467991208504,51.33630621164566,51.49472198143073,126286800
2018-09-19,51.631839752197266,51.92739226002057,50.90596466904896,51.66257836751287,108495200
2018-09-20,52.02434539794922,52.55634002502186,51.81627523374747,52.07399981724989,106435200
2018-09-21,51.46397399902344,52.338808803475615,51.37648799310484,52.20167199078347,384986800
2018-09-24,52.20403289794922,52.31516093786843,51.2204368199305,51.26536138174706,110773600
2018-09-25,52.53504943847656,52.68400905547717,51.946307549786276,51.958130371548314,98217600
2018-09-26,52.116546630859375,52.903898945307674,51.96049404071963,52.25368342754412,95938800
2018-09-27,53.18762969970703,53.53992959522191,52.85424559802705,52.9204526803586,120724800
2018-09-28,53.37442398071289,53.39806601850307,52.96774340940435,53.14980117088278,91717600
2018-10-01,53.733802795410156,54.244518335419805,53.51864333667554,53.89694833800921,94403200
2018-10-02,54.21141815185547,54.38165667005677,53.584848333349555,53.731441209871306,99152800
2018-10-03,54.871097564697266,55.20211492695663,54.3296433555075,54.39348370673561,114619200
2018-10-04,53.90641403198242,54.937301318347934,53.60849479660541,54.56608563865395,128168000
2018-10-05,53.03158950805664,54.00573327535788,52.15439146171712,53.89933506699638,134322000
2018-10-08,52.90863037109375,53.15216535637329,52.06453065114557,52.53978140728469,118655600
2018-10-09,53.641597747802734,53.73617671665903,52.549236814198565,52.87789106435932,107564000
2018-10-10,51.156593322753906,53.51865029661315,51.08329687705558,53.308217052458474,167962400
2018-10-11,50.704994201660156,51.89902721215979,50.20137511528744,50.72154687603227,212497600
2018-10-12,52.516136169433594,52.698197531427574,51.27008573845108,52.11654858627355,161351600
2018-10-15,51.393043518066406,52.44993975756,51.37176459969738,52.2915240188917,123164000
2018-10-16,52.52558898925781,52.72420301170054,51.251166750358514,51.76424545871344,116736000
2018-10-17,52.29861068725586,52.64145089276612,51.86119150958556,52.561061472294256,91541600
2018-10-18,51.07619857788086,51.95576305015513,50.362142773439196,51.51125096413181,130325200
2018-10-19,51.854103088378906,52.31516434368788,51.40959089976347,51.558550539101454,132314800
2018-10-22,52.170928955078125,52.81168840057024,51.766615131446095,51.967588678689886,115168400
2018-10-23,52.66273880004883,52.7856896809397,50.76410935457385,51.0312900357926,155071200
2018-10-24,50.8563117980957,53.017391656334006,50.726267969157426,52.63199362779541,163702000
2018-10-25,51.96995162963867,52.3435304176031,51.248802817676285,51.47578872209439,119423200
2018-10-26,51.14240264892578,52.062161836547574,50.28411707927676,51.0478236891772,189033600
2018-10-29,50.18245315551758,51.94394539631925,48.72833263934348,51.82572439213365,183742000
2018-10-30,50.433082580566406,50.87759111597405,49.480221547617695,49.92473008302534,146640000
2018-10-31,51.7476921081543,52.123633992083754,51.218060771877376,51.27953799594369,153435600
2018-11-01,52.54214859008789,52.575250330223895,51.262996332298286,51.792627782293415,233292800
2018-11-02,49.05699157714844,50.51583847534508,48.572284692079506,49.546428313026276,365314800
2018-11-05,47.66434860229492,48.32638701675462,46.85571728176754,48.305108099645274,264654800
2018-11-06,48.179786682128906,48.40440585745062,47.68798689600997,47.74236754506671,127531600
2018-11-07,49.64100646972656,49.66701523890736,48.26491564822979,48.69996814378195,133697600
2018-11-08,49.46780014038086,49.85454290419516,49.0549542402841,49.82132566766374,101450400
2018-11-09,48.513980865478516,48.87937043055105,47.98724786748592,48.77022964453493,137463200
2018-11-12,46.07012939453125,47.41780773297329,45.97996678297015,47.21612935039931,204542000
2018-11-13,45.609832763671875,46.784303647550004,45.42476479992899,45.46747474101187,187531600
2018-11-14,44.32147216796875,46.14368081930121,44.11504743544878,46.00606553775681,243204000
2018-11-15,45.415279388427734,45.54814833515879,44.34520285307609,44.698732002376936,185915200
2018-11-16,45.91828536987305,46.25995045257277,44.95261049624972,45.19936660019544,147713200
2018-11-19,44.098445892333984,45.24681733279806,43.89202475558644,45.08073115263296,167701200
2018-11-20,41.99151611328125,43.05684633458593,41.64273330485172,42.32131712569472,271300800
2018-11-21,41.94405746459961,42.77212054847709,41.889487071573676,42.643994348703465,124496800
2018-11-23,40.87872314453125,41.901346788253655,40.833645463053145,41.50748276383768,94496000
2018-11-26,41.43155288696289,41.50985141346875,40.39706885921027,41.34139390950067,179994000
2018-11-27,41.341400146484375,41.467151357006,40.544182944086934,40.693658680506765,165549600
2018-11-28,42.93109130859375,43.014132585864616,41.505114329859374,41.932195651447095,184250000
2018-11-29,42.60129165649414,43.37240942608668,42.16234624717858,43.33919219005899,167080000
2018-11-30,42.37114334106445,42.78636061112032,42.00337874921922,42.77686790323383,158126000
2018-12-03,43.85169219970703,43.88016308346337,42.995158116098935,43.76627592803061,163210000
2018-12-04,41.922706604003906,43.27512777330079,41.823054898940676,42.9334627157085,165377200
2018-12-06,41.45529556274414,41.46953100520734,40.4350466147937,40.75298356449691,172393600
2018-12-07,39.97712326049805,41.400725443078066,39.93204194545113,41.16345841264806,169126400
2018-12-10,40.24048614501953,40.356744662283546,38.7528209859677,39.14905645625793,248104000
2018-12-11,40.01034164428711,40.76010273038026,39.623595215094355,40.72926047741938,189126800
2018-12-12,40.12184524536133,40.79093620431171,40.10286345370511,40.43028940365676,142510800
2018-12-13,40.560787200927734,40.945162148551596,40.228614895975355,40.451646423760494,127594400
2018-12-14,39.262939453125,40.117102042698306,39.21548678046134,40.09812024955147,162814800
2018-12-17,38.89754867553711,39.94389690996211,38.610454041222965,39.25582050641888,177151600
2018-12-18,39.40291976928711,39.74932745057285,39.00430945473222,39.23920501261667,135366000
2018-12-19,38.17388916015625,39.730360169185076,37.74680781733559,39.38632372817106,196189200
2018-12-20,37.2105827331543,38.463352159374345,36.847564525579564,38.05762401069301,259092000
2018-12-21,35.76325607299805,37.52615187290748,35.50226452935719,37.21770403005254,382978400
2018-12-24,34.83791732788086,35.95781796306272,34.780971939167266,35.151107914787005,148676800
2018-12-26,37.2912483215332,37.305483760117355,34.81180927021201,35.18669150802309,234330000
2018-12-27,37.04924392700195,37.196351942081705,35.60666362348881,36.97569172966579,212468400
2018-12-28,37.0682258605957,37.611569368803295,36.66961900113825,37.369555992471305,169165600
2018-12-31,37.426490783691406,37.81086209224743,37.12753210334212,37.61393008515579,140014000
2019-01-02,37.46920394897461,37.6898641400753,36.59368814570471,36.75028523353009,148158800
2019-01-03,33.73698806762695,34.574540108213995,33.69190676803851,34.16169431348471,365248800
2019-01-04,35.177207946777344,35.24601741169735,34.11899903898665,34.29220295413125,234428400
2019-01-07,35.098907470703125,35.31244995449789,34.61725572428317,35.28160408429917,219111200
2019-01-08,35.76799392700195,36.0218713099174,35.23888962424999,35.485645667649806,164101200
2019-01-09,36.37540817260742,36.66487424188444,35.502267230819925,35.89612775325254,180396400
2019-01-10,36.491668701171875,36.532003660455786,35.794103077351124,36.18322084854541,143122800
2019-01-11,36.133399963378906,36.467947396033274,35.9483319411463,36.27339028412049,108092800
2019-01-14,35.590049743652344,35.891379845195914,35.404981774617916,35.79172814036254,129756800
2019-01-15,36.31845474243164,36.394378285844226,35.601907520616955,35.654106540640925,114843600
2019-01-16,36.76214599609375,36.98517753374155,36.30184748144305,36.320829274052095,122278800
2019-01-17,36.98044204711914,37.40752345530275,36.36354627747528,36.586577880660485,119284800
2019-01-18,37.208221435546875,37.45972393547824,37.00891435712629,37.36956129572626,135004000
2019-01-22,36.373023986816406,37.18684788366704,36.21168057896924,37.110924342637915,121576000
2019-01-23,36.5201416015625,36.80960767396495,35.9934084941028,36.57471200591153,92522400
2019-01-24,36.23067092895508,36.65300590810053,36.00289663164888,36.565218274806185,101766000
2019-01-25,37.431251525878906,37.51904280334224,36.615055849143104,36.8902828978478,134142000
2019-01-28,37.084835052490234,37.091952773285364,36.458450279667375,36.963826558158345,104768400
2019-01-29,36.700462341308594,37.519036488429236,36.565222017267494,37.07297331497307,166348800
2019-01-30,39.208377838134766,39.42191672312946,38.017296299473955,38.73384376445083,244439200
2019-01-31,39.49072265625,40.098125636928835,39.04465950838577,39.41242410665209,162958400
2019-02-01,39.50969696044922,40.09337168073329,39.369706696277575,39.61409500678469,130672400
2019-02-04,40.63197708129883,40.72925742817227,39.69002672443846,39.7208725954977,125982000
2019-02-05,41.32716369628906,41.54070616529914,40.89296827882337,41.013973143644144,144406400
2019-02-06,41.341400146484375,41.656965666225744,41.01159918712273,41.43867685735861,112958400
2019-02-07,40.558414459228516,41.27021533462275,40.41605283598708,40.90482219115942,126966800
2019-02-08,40.6060791015625,40.665650250891964,40.131891443963546,40.26771540968325,95280000
2019-02-11,40.372562408447266,40.79671238747757,40.32967292104731,40.75858597472105,83973600
2019-02-12,40.720455169677734,40.7466666211287,40.436895913781186,40.53221193539128,89134000
2019-02-13,40.551265716552734,41.099320945808756,40.48931303829851,40.8395916413653,89960800
2019-02-14,40.69900894165039,40.80861781758018,40.36064525814671,40.43927960962729,87342800
2019-02-15,40.60846710205078,40.913471144288906,40.44881683274918,40.80624378561589,98507200
2019-02-19,40.72997283935547,40.85150027627003,40.38684617142033,40.43926905872988,75891200
2019-02-20,40.99209976196289,41.29948893444707,40.74428537587072,40.791941569049854,104457600
2019-02-21,40.76095962524414,41.07311184292857,40.57986465359283,40.93729152317362,68998800
2019-02-22,41.216087341308594,41.223235588397145,40.837215701877646,40.884871894446135,75652800
2019-02-25,41.51632308959961,41.90710967168657,41.44960369528727,41.499645058988676,87493600
2019-02-26,41.540157318115234,41.77129368525542,41.26374629243125,41.392422020496234,68280800
2019-02-27,41.6688232421875,41.69980140101289,41.158894387635335,41.273273603636405,111341600
2019-02-28,41.25898361206055,41.678366901905775,41.20417916338669,41.53777983812131,112861600
2019-03-01,41.69264602661133,41.73553549832862,41.197013749810466,41.52822911316134,103544800
2019-03-04,41.90233612060547,42.355075273942326,41.45436004000405,41.86420972312165,109744800
2019-03-05,41.82609939575195,41.93809345893184,41.59019631110894,41.92379696336586,78949600
2019-03-06,41.58543014526367,41.81656650222476,41.44722463850816,41.621171381521776,83241600
2019-03-07,41.10409927368164,41.566372044364236,40.98972366767753,41.4305480580372,99185600
2019-03-08,41.201786041259766,41.239912445241174,40.389234781584264,40.58462987503848,95997600
2019-03-11,42.62911605834961,42.68153896438816,41.78320858604554,41.81656828662146,128044000
2019-03-12,43.108070373535156,43.527449985065225,42.74111003200352,42.89123050226052,129870400
2019-03-13,43.298709869384766,43.6775816297943,43.11046294011812,43.427381993999774,124130000
2019-03-14,43.780029296875,43.86819707283481,43.50123674636694,43.82053724326323,94318000
2019-03-15,44.34952163696289,44.63784755758058,43.782406850290364,44.04690286026948,156171600
2019-03-18,44.8022575378418,44.89042164884754,44.270880427686485,44.273265599940686,104879200
2019-03-19,44.44721984863281,45.033401481377794,44.30186611779311,44.880899504425805,126585600
2019-03-20,44.83563232421875,45.15255128641642,44.018314235196435,44.375741144089886,124140800
2019-03-21,46.486942291259766,46.782416507691266,45.22879987925223,45.27884124565531,204136800
2019-03-22,45.52427673339844,47.106486442351226,45.45993886884796,46.54651613890854,169630800
2019-03-25,44.97382354736328,45.74586309835947,44.463894798076474,45.63386907826969,175381200
2019-03-26,44.50917053222656,45.96032623886354,43.982563700573884,45.66961879021226,199202000
2019-03-27,44.90949249267578,45.2168779833319,44.4519865617811,44.976211880352054,119393600
2019-03-28,44.96907043457031,45.16922862786753,44.68551117609868,45.023874875034785,83121600
2019-03-29,45.26215362548828,45.2931317832796,44.92617150707696,45.233560640409536,94256000
2019-04-01,45.56954574584961,45.67438790998863,44.8880516813076,45.66485812631572,111448000
2019-04-02,46.231971740722656,46.336817529759834,45.524266300655576,45.53379608332538,91062800
2019-04-03,46.54890060424805,46.822926454826096,46.02467154689668,46.0485014625707,93087200
2019-04-04,46.629913330078125,46.791945110655476,46.02228688104425,46.41545501139502,76457200
2019-04-05,46.94205856323242,46.96588847372943,46.687092337463056,46.811001327366576,74106400
2019-04-08,47.68075180053711,47.71172632732698,46.78479934209682,46.80386254716306,103526800
2019-04-09,47.53776931762695,48.33602404124384,47.47343146891006,47.733164400421316,143072800
2019-04-10,47.80465316772461,47.833249790891394,47.22323818776864,47.34238048248308,86781200
2019-04-11,47.40671920776367,47.89520335222447,47.28519537386603,47.85946211752939,83603200
2019-04-12,47.387657165527344,47.690279625122976,46.753822893813584,47.46629151971839,111042800
2019-04-15,47.47343826293945,47.62117718246721,47.18273076972158,47.31855473245824,70146400
2019-04-16,47.478206634521484,47.98336882392176,47.313789678479274,47.528248000421726,102785600
2019-04-17,48.40275192260742,48.462323072559556,47.32570451341118,47.547307445984586,115627200
2019-04-18,48.57668685913086,48.64578777647388,48.25738644559603,48.400354989181665,96783200
2019-04-22,48.736351013183594,48.83404857594951,48.214507135311784,48.331267903197975,77758000
2019-04-23,49.43928909301758,49.50362695477499,48.58622976622122,48.712520316675125,93292000
2019-04-24,49.363040924072266,49.677574720140036,49.3368294714054,49.41069711912076,70162400
2019-04-25,48.91505813598633,49.5060028744457,48.87693173068337,49.28439996099873,74172800
2019-04-26,48.681541442871094,48.84833992518488,48.16207915688333,48.8245100123111,74596400
2019-04-29,48.755409240722656,49.079476422813116,48.576695801391914,48.705367877898986,88818800
2019-04-30,47.81656265258789,48.467078489226644,47.44483931736575,48.386062610715946,186139600
2019-05-01,50.163673400878906,51.30505499845377,49.85628424061624,50.01117140720834,259309200
2019-05-02,49.837215423583984,50.67121140289478,49.594167784628695,50.001632355540394,127985200
2019-05-03,50.45677185058594,50.47821659527701,50.094578184529375,50.25184691746729,83569600
2019-05-06,49.67756652832031,49.76334911963592,48.490910378399384,48.6791535903768,129772400
2019-05-07,48.338409423828125,49.42498651293276,47.85469202351123,49.05802986425357,155054800
2019-05-08,48.347938537597656,48.92935347903369,48.07391273228292,48.10965396395561,105358000
2019-05-09,47.8284912109375,48.057242419549205,46.861056195160906,47.75223838411033,139634400
2019-05-10,47.165897369384766,47.56536833430933,46.11101823277178,47.22330722271242,164834800
2019-05-13,44.42464065551758,45.32403977104099,43.73813138927743,44.90065443085275,229722400
2019-05-14,45.127891540527344,45.37666024246978,44.35048432829495,44.58968654744338,146118800
2019-05-15,45.668479919433594,45.86701816748591,44.4963906935112,44.55619123871001,106178800
2019-05-16,45.46756362915039,46.03925685450639,45.170951528362195,45.42689968507999,132125600
2019-05-17,45.209228515625,45.66371136347926,44.673414122943996,44.7140780703889,131516400
2019-05-20,43.795536041259766,44.09693319133087,43.123378349333606,43.89839489959819,154449200
2019-05-21,44.635135650634766,44.97001729820006,44.18064924329761,44.30503541950881,113459200
2019-05-22,43.72137451171875,44.422238802588666,43.66635903186872,44.171075781629334,118994400
2019-05-23,42.975074768066406,43.18557025463366,42.53254916971738,43.008562935243226,146118800
2019-05-24,42.81001663208008,43.568287143398116,42.72629440483175,43.10423430651815,94858800
2019-05-28,42.63300704956055,43.19752438710172,42.55646424358909,42.7980571514169,111792800
2019-05-29,42.429691314697266,42.90091998412499,42.09959108029265,42.200055575560086,113924800
2019-05-30,42.64975357055664,42.87220986761559,42.25985281126963,42.56603133944261,84873600
2019-05-31,41.87713623046875,42.575606305283934,41.8579996140433,42.15460804379681,108174400
2019-06-03,41.45375061035156,42.558863836181885,40.72896808562691,42.0039165147465,161584400
2019-06-04,42.97028350830078,43.01573251076257,41.74556939956014,41.96563498785348,123872000
2019-06-05,43.66396713256836,44.25001543111583,43.32908551905767,44.080180266448075,119093600
2019-06-06,44.30502700805664,44.36482755162113,43.57067458111561,43.793134501142,90105200
2019-06-07,45.48430252075195,45.90769148933359,44.43659923654732,44.61360655057878,122737600
2019-06-10,46.06556701660156,46.732939648630975,45.83593126422042,45.88138027302039,104883600
2019-06-11,46.5989875793457,46.88363882764626,46.30955491422111,46.610948421278835,107731600
2019-06-12,46.45067596435547,46.87645558984888,46.259313473699386,46.39326612217786,73012800
2019-06-13,46.44111251831055,47.072606273434246,46.30955420885947,46.57267447769808,86698400
2019-06-14,46.103843688964844,46.30716341463391,45.52018960598685,45.819192423091415,75046000
2019-06-17,46.378910064697266,46.634858146675334,45.96748202726741,46.14209859491775,58676400
2019-06-18,47.46968078613281,47.90981200382238,46.69466791366559,46.89559690653218,106204000
2019-06-19,47.33094024658203,47.811739025879014,47.19698759262692,47.76389566380698,84496800
2019-06-20,47.71127700805664,47.986358104546575,47.36921593118183,47.92894825704651,86056000
2019-06-21,47.548614501953125,48.04376482331306,47.39791594328948,47.55339956808391,191202400
2019-06-24,47.50078201293945,47.87872199614494,47.40270821699431,47.49121187922274,72881600
2019-06-25,46.7807731628418,47.663426161251905,46.7137931929715,47.46488790932587,84281200
2019-06-26,47.792598724365234,48.07724991703019,47.206554083550465,47.30701856626707,104270000
2019-06-27,47.77824401855469,48.21598443927139,47.73758008656709,47.90980229559993,83598800
2019-06-28,47.34290313720703,47.720843084338505,47.13479837293914,47.52469551117032,124442400
2019-07-01,48.21121597290039,48.914471197496404,47.9959317500997,48.59872246403011,109012000
2019-07-02,48.493473052978516,48.58915614675348,48.1657671253992,48.17772796836317,67740800
2019-07-03,48.89532470703125,48.90250048134883,48.48389661312159,48.625025041282115,45448000
2019-07-05,48.85226058959961,49.05558390419779,48.53412124966637,48.6417651514746,69062000
2019-07-08,47.84522247314453,48.17531900929946,47.46010680601736,48.034190594932134,101354400
2019-07-09,48.13705825805664,48.20164023244244,47.555794939029724,47.64908366307894,82312000
2019-07-10,48.61307144165039,48.73267256467266,48.21360412874839,48.28297482406582,71588400
2019-07-11,48.25904846191406,48.890542184265826,48.24948197897164,48.63220334558516,80767200
2019-07-12,48.62981414794922,48.79725497916496,48.36669023465564,48.42649079222815,70380800
2019-07-15,49.086700439453125,49.24457116693899,48.797264080844435,48.8187914096011,67789600
2019-07-16,48.9168586730957,49.301974430162524,48.677656430195476,48.938385998971945,67467200
2019-07-17,48.64177322387695,49.057982753514956,48.62263660815599,48.80921404901501,56430000
2019-07-18,49.1943244934082,49.246949268510306,48.725486583390186,48.797247972159944,74162400
2019-07-19,48.45998001098633,49.39526162771868,48.40496451880691,49.22542643455206,83717200
2019-07-22,49.56747817993164,49.56986888785843,48.70395812670782,48.71352460835078,89111600
2019-07-23,49.954994201660156,49.971740110187,49.58423000504602,49.864099833734244,73420800
2019-07-24,49.91432189941406,50.02913793173765,49.55551860470898,49.67511970294401,59966400
2019-07-25,49.5196418762207,50.05067106733842,49.45027119228103,49.96694883497979,55638400
2019-07-26,49.69186019897461,50.16787018217037,49.5483374367428,49.629665298704275,70475600
2019-07-29,50.155914306640625,50.38555001894711,49.85930592191719,49.864090987781196,86693600
2019-07-30,49.940635681152344,50.27073588947548,49.58900815053056,49.93585061510733,135742800
2019-07-31,50.959632873535156,52.95218755117396,50.54342339953186,51.768137442475606,277125600
2019-08-01,49.85691833496094,52.15326117014312,49.452669637980264,51.165354806371035,216071600
2019-08-02,48.802032470703125,49.37850698227008,48.2303393750456,49.16322646839944,163448400
2019-08-05,46.24735641479492,47.51751962109188,46.0655640412733,47.35964892958403,209572000
2019-08-06,47.12282943725586,47.378777521701416,46.41478937882593,46.957779349145824,143299200
2019-08-07,47.61081314086914,47.73519932999547,46.36218078247986,46.74251147526255,133457600
2019-08-08,48.6609001159668,48.68482179511622,47.6945248672639,47.88827805859261,108038000
2019-08-09,48.25992202758789,48.68491595492223,47.851730305039446,48.33435586806552,98478800
2019-08-12,48.13747787475586,48.514454104022626,47.81812963513005,47.930982158298754,89927600
2019-08-13,50.17601013183594,50.93716177711402,48.13746584722147,48.267127875565244,188874000
2019-08-14,48.682518005371094,49.56852841372435,48.644099355992225,48.780964420477915,146189600
2019-08-15,48.44001007080078,49.256386268391125,47.94297838198592,48.85300141700887,108909600
2019-08-16,49.58293533325195,49.74140951677776,48.944239015747925,49.04988847143179,110481600
2019-08-19,50.507362365722656,51.078824190677665,50.43052506876509,50.57218971325113,97654400
2019-08-20,50.509761810302734,51.2276951856261,50.50015898015101,50.634620585098965,107537200
2019-08-21,51.05720901489258,51.29971983499902,50.80749515702679,51.141249340489736,86141600
2019-08-22,51.014007568359375,51.48942653587371,50.60341596200284,51.18928765116433,89014800
2019-08-23,48.656105041503906,50.91555099493653,48.262323049739784,50.28645752648354,187272000
2019-08-26,49.58052444458008,49.74860142109313,49.23716379045751,49.42925333381669,104174400
2019-08-27,49.021080017089844,50.07516753420753,48.86980886104783,49.90949029926712,103493200
2019-08-28,49.350032806396484,49.39565450041869,48.81938934092808,49.00667570095276,63755200
2019-08-29,50.185611724853516,50.26004923163214,49.621352927714746,50.06315640226348,83962000
2019-08-30,50.120792388916016,50.531380318643734,49.75101924277267,50.461749711640046,84573600
2019-09-03,49.39085388183594,49.69819580509852,49.035490470026964,49.5661339637424,80092000
2019-09-04,50.228824615478516,50.29845519886603,49.77981818268151,50.036735067652984,76752400
2019-09-05,51.21088409423828,51.376561303793046,50.78588651283309,50.90354224548307,95654800
2019-09-06,51.206085205078125,51.4846149241543,51.02600190350711,51.39577500112992,77449200
2019-09-09,51.42458724975586,51.96964040269282,50.680245133535024,51.585461226459756,109237600
2019-09-10,52.03206253051758,52.05127185370454,50.83391076513622,51.35014804449725,127111600
2019-09-11,53.68642807006836,53.71524388706847,52.27937718938957,52.36101772978543,177158400
2019-09-12,53.56637954711914,54.365949877044244,53.51115502500784,53.976971102844466,128906800
2019-09-13,52.524288177490234,53.01411307002046,52.108897118568684,52.824426967075894,159053200
2019-09-16,52.800418853759766,52.855647033642335,52.23855987155783,52.27937831072937,84632400
2019-09-17,52.99250793457031,53.02132375192014,52.61313203639829,52.81482810263167,73274800
2019-09-18,53.48952865600586,53.50873797571975,52.68995858395568,53.07893723270324,101360000
2019-09-19,53.0549430847168,53.72725114264616,52.91327477040642,53.307056774538246,88242400
2019-09-20,52.27938461303711,53.439121573319625,52.21695705097918,53.155792256513266,221652400
2019-09-23,52.517086029052734,52.78600921665871,52.260165462190585,52.57231054140675,76662000
2019-09-24,52.26736831665039,53.42230547207564,52.14971625438767,53.07174174905982,124763200
2019-09-25,53.071746826171875,53.18459931647141,52.13771495764018,52.4762724285388,87613600
2019-09-26,52.79801940917969,53.05013674812319,52.543502278670516,52.824431771617654,75334000
2019-09-27,52.54111862182617,53.05495628757288,52.17134543414193,52.9541063899826,101408000
2019-09-30,53.777679443359375,53.924147350243985,53.01412429579234,53.04053666142086,103909600
2019-10-01,53.926551818847656,54.798156296373676,53.832908635098924,54.04180778638815,139223200
2019-10-02,52.57472610473633,53.68403817289297,52.32740831027184,53.55917937969037,138449200
2019-10-03,53.021324157714844,53.054939558377036,51.65509168829448,52.44745522730388,114426000
2019-10-04,54.50761795043945,54.6228739131191,53.75847251204435,54.178666925160364,138478800
2019-10-07,54.51961135864258,55.208728860944525,54.22667560102354,54.32992525189106,122306000
2019-10-08,53.88090896606445,54.75971613851272,53.864103100608396,54.22186982306715,111820000
2019-10-09,54.51240921020508,54.69489228194408,54.17865501059328,54.51240921020508,74770400
2019-10-10,55.247154235839844,55.33119457436902,54.57724597451074,54.728513454537506,113013600
2019-10-11,56.716636657714844,57.059993724351415,55.78020129962542,55.93387223570824,166795600
2019-10-14,56.6349983215332,57.17765169810714,56.34686576310509,56.40209028471779,96427600
2019-10-15,56.50293731689453,57.06239287164702,56.39728786256741,56.759854250095415,87360000
2019-10-16,56.27483367919922,56.48373281401713,55.99390415010381,56.03472259479586,73903200
2019-10-17,56.49333953857422,56.70223502398383,56.070745319870674,56.44771784318485,67585200
2019-10-18,56.7646484375,57.04557789777624,56.25561057187668,56.32764461231242,97433600
2019-10-21,57.749107360839844,57.864363302867055,56.983156188347394,57.03117766562347,87247200
2019-10-22,57.61705780029297,58.15490428802028,57.53541724657344,57.90519037069038,82293600
2019-10-23,58.39020538330078,58.40461512439032,57.91958976088768,58.130888664552984,75828800
2019-10-24,58.48624801635742,58.77918378053314,58.06125044639696,58.70954952666312,69275200
2019-10-25,59.206573486328125,59.242588672429015,58.31816347907465,58.38539426899848,73477200
2019-10-28,59.79966354370117,59.847685025604804,59.240204303203505,59.40828132176833,96572800
2019-10-29,58.4166259765625,59.967745243380165,58.24374936097542,59.78045888467337,142839600
2019-10-30,58.40941619873047,58.89924482176762,57.91719144782321,58.76958279527963,124522000
2019-10-31,59.73002624511719,59.82847265948915,56.96874904224295,59.365060070154456,139162000
2019-11-01,61.42521667480469,61.45162537567779,59.826076043549875,59.91731576023175,151125200
2019-11-04,61.82859420776367,61.912634539198656,61.31955996379076,61.78777210588694,103272000
2019-11-05,61.7397575378418,61.99427467320338,61.545268167001495,61.72054454973453,79897600
2019-11-06,61.76616668701172,61.826194451970366,61.31716017753835,61.65331419578515,75864400
2019-11-07,62.479034423828125,62.70060306371024,62.16113446862657,62.31285978131859,94940400
2019-11-08,62.65003204345703,62.722278694428965,61.85769280629216,62.30082274800635,69986400
2019-11-11,63.14614486694336,63.21116685235938,62.202080319789076,62.20689431328376,81821200
2019-11-12,63.08832931518555,63.2882239296663,62.83786940371136,62.98958734351304,87388800
2019-11-13,63.692813873291016,63.76747117547861,62.87398687053245,62.888436196787694,102734400
2019-11-14,63.25210952758789,63.79157076632971,63.12205821124544,63.51942947548323,89182800
2019-11-15,64.00348663330078,64.0083006253325,63.34119892343502,63.50255217696832,100206400
2019-11-18,64.32621765136719,64.40568896392628,63.635031105699284,64.01313169523063,86703200
2019-11-19,64.13114166259766,64.54296223689062,63.91439437873861,64.51887757210454,76167200
2019-11-20,63.38457107543945,64.08057169419445,62.71264777563229,63.950527713283876,106234400
2019-11-21,63.10038375854492,63.58204767524024,62.90048911733583,63.50497968466305,121395200
2019-11-22,63.04498291015625,63.382146145276415,62.81860030594543,63.24005618724747,65325200
2019-11-25,64.1504135131836,64.16727351573608,63.22320891771047,63.26896758200509,84020400
2019-11-26,63.649471282958984,64.34065772923968,63.21838008089831,64.2876744119495,105207600
2019-11-27,64.50444030761719,64.538160314546,63.89513565756925,63.96015765000588,65235600
2019-11-29,64.36233520507812,64.54295915794552,64.03721061999535,64.20579591584789,46617600
2019-12-02,63.6181526184082,64.60315416150887,63.44716403527394,64.36713626465993,94487200
2019-12-03,62.483863830566406,62.50312715627298,61.72283384699571,62.20931182938562,114430400
2019-12-04,63.035343170166016,63.41345104116114,62.780061927870314,62.87398990266559,67181600
2019-12-05,63.96012878417969,64.03479343016674,63.27376379161753,63.52904500174789,74424400
2019-12-06,65.19561767578125,65.26546100190234,64.37437981221761,64.41773515061479,106075600
2019-12-09,64.28286743164062,65.21728922547906,63.79879285948436,65.02462660501106,128042400
2019-12-10,64.6585693359375,65.04149128263923,64.0275834068731,64.68746799612504,90420400
2019-12-11,65.21005249023438,65.28953113493121,64.6633667099047,64.73802401273718,78756800
2019-12-12,65.37623596191406,65.64115256416365,64.3791955584024,64.48997619221315,137310400
2019-12-13,66.26490783691406,66.30103115854632,65.2485967405498,65.37623737672222,133587600
2019-12-16,67.39922332763672,67.62320261796066,66.70563351279964,66.71044750574998,128186000
2019-12-17,67.53168487548828,67.85921278461262,67.14394163202556,67.32938692874545,114158400
2019-12-18,67.37030792236328,67.89050566637485,67.22099333233885,67.38475724722979,116028400
2019-12-19,67.43775939941406,67.71712534090744,67.1800748008847,67.31252943237541,98369200
2019-12-20,67.29806518554688,68.0711335089849,67.08613194245461,67.9699882290766,275978000
2019-12-23,68.39627075195312,68.45647873677,67.52204963647512,67.5605836287108,98572000
2019-12-24,68.46131134033203,68.61063335694011,68.13619401362658,68.56246401614918,48478800
2019-12-26,69.81961059570312,69.83647060071867,68.56487785103917,68.59377651700305,93121200
2019-12-27,69.79309844970703,70.79737094783557,69.38850252439819,70.11099839799601,146266000
2019-12-30,70.20732879638672,70.48910541724575,68.69009042144484,69.7112155576161,144114400
2019-12-31,70.72029876708984,70.72752343141342,69.72566166410049,69.82440364292783,100805600
2020-01-02,72.33386993408203,72.39407791515757,71.09117632272992,71.34404690340438,135480400
2020-01-03,71.63065338134766,72.38927264137095,71.40668140593664,71.56322072155912,146322800
2020-01-06,72.20142364501953,72.23995764322866,70.5035611498287,70.75402846338375,118387200
2020-01-07,71.86184692382812,72.46633010238772,71.64268897397623,72.21104883104543,108872000
2020-01-08,73.01782989501953,73.31886979288494,71.56561372170107,71.56561372170107,132079200
2020-01-09,74.56879425048828,74.76145686133366,73.74274246581768,73.99320238999518,170108400
2020-01-10,74.73736572265625,75.30091887725054,74.23643856809193,74.80239504412852,140644800
2020-01-13,76.3340835571289,76.36057889021191,74.93485068528152,75.05286332420356,121532000
2020-01-14,75.3033218383789,76.48099343710987,75.18050255877637,76.27147084582813,161954400
2020-01-15,74.98060607910156,75.98246770801262,74.54951490172726,75.10343270524221,121923600
2020-01-16,75.91983795166016,76.0306259059178,75.16121901504614,75.52246682768192,108829200
2020-01-17,76.76036071777344,76.7627640392473,75.86205500785368,76.16790890123319,137816400
2020-01-21,76.24015045166016,76.83018415127219,76.10287451536945,76.38946504217743,110843200
2020-01-22,76.51229858398438,77.06379835057774,76.41837061392836,76.72422448512405,101832400
2020-01-23,76.88078308105469,76.96025438766408,76.01860061750638,76.56529382668359,104472000
2020-01-24,76.65922546386719,77.86819933392093,76.46896614550444,77.12644008388187,146537600
2020-01-27,74.40502166748047,75.08416206919466,73.42483402812097,74.67234156024762,161940000
2020-01-28,76.50989532470703,76.68088393464757,75.18531972883665,75.28406170066347,162234000
2020-01-29,78.1114273071289,78.95674973344263,77.39856685210137,78.13792264122904,216229200
2020-01-30,77.99822998046875,78.05121329496869,76.76517176985938,77.19626294921763,126743200
2020-01-31,74.5398941040039,77.71164655303768,74.24607885109228,77.29019066933044,199588400
2020-02-03,74.33519744873047,75.49841264105945,72.7842389592195,73.28516622775322,173788400
2020-02-04,76.78927612304688,76.97953543976107,75.53213292898627,75.9367288800473,136616400
2020-02-05,77.41541290283203,78.21256585966833,76.8133331862121,77.91392932249283,118826800
2020-02-06,78.32093811035156,78.32334878116308,77.12882464602528,77.68514573263211,105425600
2020-02-07,77.2563705444336,78.06989925267796,76.76632167871378,77.82125391424971,117684000
2020-02-10,77.62328338623047,77.62328338623047,75.76448107418051,75.84414097834794,109348800
2020-02-11,77.15494537353516,78.1905681328534,76.93768376375351,78.11815005194215,94323200
2020-02-12,78.98725128173828,78.99207670101356,77.60400616945556,77.60400616945556,113730400
2020-02-13,78.42475128173828,78.75064746940821,78.05782062596876,78.26059867524006,94747600
2020-02-14,78.4440689086914,78.69271421468866,77.93712009409066,78.3933688702963,80113600
2020-02-18,77.00772094726562,77.18877358272158,75.94795598487916,76.12900862033511,152531200
2020-02-19,78.12299346923828,78.3523297233802,77.24911404532844,77.24911404532844,93984000
2020-02-20,77.3215560913086,78.37166303401608,76.81702354297988,77.88403050271104,100566000
2020-02-21,75.57135009765625,77.35774159273006,74.95577422235982,76.91596913601705,129554000
2020-02-24,71.98170471191406,73.43012593023869,69.82114748147725,71.75961758398634,222195200
2020-02-25,69.54351806640625,73.03180163978591,69.07278565467855,72.65038734565039,230673600
2020-02-26,70.64673614501953,71.90927916190874,69.16210602316792,69.16934783382864,198054800
2020-02-27,66.02867126464844,69.0413890764873,65.89348591735909,67.85851360418104,320605600
2020-02-28,65.99005889892578,67.20915102510166,61.88861568726967,62.103468343907636,426510000
2020-03-02,72.1337890625,72.7686815326321,67.0425894386722,68.14338895911868,341397200
2020-03-03,69.84286499023438,73.3866667341741,68.99311992366323,73.30700681770827,319475600
2020-03-04,73.08250427246094,73.2418314905751,70.76261982320094,71.56166493954149,219178400
2020-03-05,70.71190643310547,72.31240522279981,70.34738484234605,71.33954955045269,187572800
2020-03-06,69.7728500366211,70.20496434412061,67.88990577178768,68.07578380592835,226176800
2020-03-09,64.2543716430664,67.13189718407227,63.489119320777824,63.670171942415024,286744800
2020-03-10,68.88207244873047,69.14761776690831,65.02685833500999,66.9025682079639,285290000
2020-03-11,66.4897689819336,67.88749740945617,65.62795665733853,66.96292517997638,255598800
2020-03-12,59.923587799072266,65.17894285229022,59.86806602728879,61.78481034349421,418474000
2020-03-13,67.10296630859375,67.57370632677963,61.06304654616302,63.94541011756177,370732000
2020-03-16,58.4703483581543,62.542820889319664,57.93684495675963,58.40758108532822,322423600
2020-03-17,61.04129409790039,62.187957132183904,57.55059758461941,59.74978379495811,324056000
2020-03-18,59.547000885009766,60.35087498179023,57.24159672400037,57.881318208922394,300233600
2020-03-19,59.09074783325195,61.036459434063396,58.566902685612334,59.72081110917334,271857200
2020-03-20,55.33934020996094,60.79264444451166,55.03999854094989,59.67011594836406,401693200
2020-03-23,54.16370391845703,55.16070158535809,51.32479999006741,55.05931255400759,336752800
2020-03-24,59.59769821166992,59.79323446043245,56.56084169108887,57.05813231967632,287531200
2020-03-25,59.26939010620117,62.34245572079971,58.974877532799404,60.53192941719469,303602000
2020-03-26,62.388328552246094,62.44626304168301,59.47217348326275,59.510798931904375,252087200
2020-03-27,59.8053092956543,61.76791740598874,59.638740277699725,61.014739603264104,204216800
2020-03-30,61.51203155517578,61.68342967850782,60.20603760216864,60.529521124828726,167976400
2020-03-31,61.38650894165039,63.36601737405014,60.83369641639568,61.702750695754574,197002000
2020-04-01,58.15652084350586,60.04188167908633,57.726822887688364,59.50596558883749,176218400
2020-04-02,59.12696075439453,59.18006982201146,57.188490836952404,58.01891951220774,165934000
2020-04-03,58.27722930908203,59.31284887197434,57.68820408379941,58.61278008138311,129880000
2020-04-06,63.36118698120117,63.515681414819454,60.20121554945302,60.568146275466354,201820400
2020-04-07,62.62731170654297,65.58933753055518,62.52350996388426,65.37206847487805,202887200
2020-04-08,64.23023223876953,64.54405384793799,63.06184016051964,63.42635444288139,168895200
2020-04-09,64.6937255859375,65.19584902236409,63.89951332637289,64.86512738575412,161834800
2020-04-13,65.96349334716797,66.07212784753266,64.17227648943236,64.7709597033301,131022800
2020-04-14,69.29486846923828,69.58455560243435,67.12223707141726,67.59297682109842,194994800
2020-04-15,68.66239166259766,69.1210568119712,67.74506136385055,68.17234288135833,131154400
2020-04-16,69.20797729492188,69.57249897577765,68.16028687860133,69.37454631683273,157125200
2020-04-17,68.26891326904297,69.27074378183441,66.83497575491855,68.72516946310567,215250000
2020-04-20,66.85186767578125,67.99853426971617,66.83255863780644,67.09810395402242,130015200
2020-04-21,64.78546905517578,66.92913374203486,64.07574203406564,66.69497200558625,180991600
2020-04-22,66.65149688720703,67.08602016909022,65.71002486509416,66.05039726124157,116862400
2020-04-23,66.39320373535156,68.01543553598502,66.35457829164004,66.59598178954948,124814400
2020-04-24,68.3099594116211,68.3196176159111,66.8687799957314,66.91706365013007,126161200
2020-04-27,68.35823822021484,68.68895986495261,67.58091858862758,68.02750920842628,117087600
2020-04-28,67.25019073486328,69.00036629064134,67.1584635837108,68.81931364694016,112004800
2020-04-29,69.45902252197266,69.92734583940624,68.53203408860236,68.73481211774124,137280800
2020-04-30,70.9243392944336,71.10056648651737,69.60869475205328,69.99735081766806,183064000
2020-05-01,69.78250885009766,72.17964374552773,69.0051893150792,69.10174923798432,240616800
2020-05-04,70.76985168457031,70.89779524622708,69.11865261133845,69.80665406694762,133568000
2020-05-05,71.83202362060547,72.66245223551824,71.08367131021836,71.2285148811078,147751200
2020-05-06,72.57313537597656,73.20319497472518,72.14826285856589,72.53209353947886,142333600
2020-05-07,73.32389831542969,73.66911092684012,72.89661676334377,73.19837114485792,115215200
2020-05-08,75.06913757324219,75.12239040799929,73.65552559886389,73.98230402182824,133838400
2020-05-11,76.25039672851562,76.74418781159311,74.36960864725135,74.5777815597997,145946400
2020-05-12,75.37896728515625,77.38319884408511,75.25793879153254,76.93296900656856,162301200
2020-05-13,74.46883392333984,76.47791143801962,73.39410026175051,75.55809041384309,200622400
2020-05-14,74.92632293701172,74.98683718466037,72.98744407851115,73.70877656980059,158929200
2020-05-15,74.48335266113281,74.52934407916516,72.66792527667609,72.70181680027588,166348400
2020-05-18,76.23826599121094,76.61103581678174,75.11512542110488,75.80498930633232,135178400
2020-05-19,75.79771423339844,77.09997437404789,75.76624564907384,76.25519801175672,101729600
2020-05-20,77.2718505859375,77.34204178986873,76.61587086677298,76.65460086911052,111504800
2020-05-21,76.69575500488281,77.67366726497515,76.4585365069764,77.13387754437865,102688800
2020-05-22,77.18956756591797,77.27186606725144,76.3326836366315,76.43434344951643,81803200
2020-05-26,76.66670227050781,78.48454498542678,76.6110265113562,78.3054252019707,125522000
2020-05-27,77.00074005126953,77.1459757123096,75.7856167074525,76.52389490649263,112945200
2020-05-28,77.03462219238281,78.29089831885972,76.4004341829612,76.67637525704153,133560800
2020-05-29,76.95960235595703,77.73660324937043,76.60377827424547,77.27669643163954,153532400
2020-06-01,77.9060287475586,78.02705721931588,76.78288098389504,76.91359380175058,80791200
2020-06-02,78.26667785644531,78.29088502405892,77.19920603150173,77.63975136630202,87642800
2020-06-03,78.69759368896484,78.95901946218751,78.01499097632245,78.58624950473808,104491200
2020-06-04,78.0197982788086,78.81858326292213,77.64702850562604,78.52085794063949,87560400
2020-06-05,80.24187469482422,80.30238892913404,78.24006648317224,78.26911213372232,137250400
2020-06-08,80.71634674072266,80.7502382755444,79.23012020444044,79.93934563125748,95654400
2020-06-09,83.26519012451172,83.6573213064147,80.3653518160227,80.39682040985336,147712400
2020-06-10,85.40737915039062,85.87454732273147,83.77349462695621,84.21161714524366,166651600
2020-06-11,81.30693817138672,84.97652287764004,81.20527837641917,84.55292316229209,201662400
2020-06-12,82.00890350341797,84.18741636682982,80.90028576320306,83.44188410385023,200146000
2020-06-15,83.0230941772461,83.67422783242152,80.50328094936093,80.66546232343777,138808800
2020-06-16,85.22339630126953,85.49450625406323,83.44186093342775,85.0733221942709,165428800
2020-06-17,85.1048355102539,86.02707226014986,84.98380698783191,85.96655799893887,114406400
2020-06-18,85.13871002197266,85.55504835135272,84.53114459703605,85.06125001022909,96820400
2020-06-19,84.65214538574219,86.30781381308972,83.54594350116787,85.84306866874175,264476000
2020-06-22,86.86697387695312,87.00978658675993,84.99829398313842,85.04428539322777,135445200
2020-06-23,88.72115325927734,90.13718820813904,87.68998805980996,88.10874933547481,212155600
2020-06-24,87.155029296875,89.26818923809188,86.78225950639512,88.35079128217394,192623200
2020-06-25,88.31206512451172,88.35079512662277,86.55231359048508,87.3099530977363,137522400
2020-06-26,85.59860229492188,88.42824869367755,85.4509437109353,88.20797597788908,205256800
2020-06-29,87.5713882446289,87.66579402801841,85.02978953914176,85.50664216317482,130646000
2020-06-30,88.3023910522461,88.58802392767775,87.14052040168764,87.15988171149978,140223200
2020-07-01,88.1353759765625,88.92206127344404,88.08696900587378,88.37985592496987,110737200
2020-07-02,88.1353759765625,89.67486242954287,88.02161627129679,89.04067423366814,114041600
2020-07-06,90.49298858642578,90.96015670821257,89.52959930495038,89.56106788910034,118655600
2020-07-07,90.21219635009766,91.64759214853022,90.10085223248505,90.87059148435713,112424400
2020-07-08,92.3132553100586,92.344723894615,91.1005476599512,91.1876920007991,117092000
2020-07-09,92.71025085449219,93.25729463316677,91.66456287634601,93.20404179945581,125642800
2020-07-10,92.87242889404297,92.93052759776583,91.69603540831204,92.30601639495103,90257200
2020-07-13,92.44398498535156,96.77922651804644,92.23097365442625,94.17469096863013,191649200
2020-07-14,93.97378540039062,94.16500509879575,90.89482027358295,91.82673375082925,170989200
2020-07-15,94.62007141113281,96.09419752364778,93.42430934647335,95.84487913129125,153198000
2020-07-16,93.4557876586914,94.31024858615012,92.85790656415841,93.49451766571708,110577600
2020-07-17,93.2669906616211,94.06093739920163,92.79497651338822,93.90602474618288,92186800
2020-07-20,95.23248291015625,95.37045717183655,93.01040144233045,93.35412562962276,90318000
2020-07-21,93.91810607910156,96.09661884897764,93.66878769091768,96.02158177786353,103433200
2020-07-22,94.18195343017578,94.86213298167614,93.53324246932021,93.62037944003524,89001600
2020-07-23,89.8951187133789,93.99314144318696,89.08664931990235,93.91568143989768,197004400
2020-07-24,89.67242431640625,90.01614846898383,86.31267234298356,88.09663844239333,185438800
2020-07-27,91.79769897460938,91.88968182119616,90.50996128337569,90.73264959796012,121214000
2020-07-28,90.2896728515625,91.54594911832494,90.2848269844815,91.36924487069622,103625600
2020-07-29,92.02040100097656,92.20436670679456,90.73507876836658,90.77138584530584,90329200
2020-07-30,93.13381958007812,93.23790227908668,90.78828751800603,91.19494135621903,158130000
2020-07-31,102.88389587402344,103.03397001244983,97.62157236005555,99.61612680199143,374336800
2020-08-03,105.47633361816406,108.09054616095987,104.4645371706777,104.76226254133908,308151200
2020-08-04,106.18071746826172,107.26997389606046,104.94380243901392,105.6651349105181,173071600
2020-08-05,106.56558990478516,106.88510690463526,105.43760344433963,105.90235611566642,121776800
2020-08-06,110.28357696533203,110.77737527223312,106.30900549573542,106.89720218347466,202428800
2020-08-07,107.77619934082031,110.26175680038186,106.98082124977309,109.80586800423681,198045600
2020-08-10,109.34270477294922,110.35875275642206,106.69710077257369,109.21903076531765,212403600
2020-08-11,106.09088897705078,109.10508091522647,105.83141919822033,108.60797228128783,187902400
2020-08-12,109.6167221069336,109.87376452711321,106.98566715289093,107.17965891895842,165598000
2020-08-13,111.5566635131836,112.55816241863091,110.5066629686095,110.9940770606822,210082000
2020-08-14,111.45723724365234,111.5469586132698,109.65065854076958,111.38206488530741,165565200
2020-08-17,111.166259765625,112.60182410704658,110.54062998121614,112.57757328432733,119561600
2020-08-18,112.09259796142578,112.5169615015718,110.58428839700858,110.91893054414521,105633600
2020-08-19,112.23320770263672,113.64452094897047,112.13863913268811,112.49995190044544,145538000
2020-08-20,114.72364044189453,114.837612647254,112.25747906222769,112.27445537799255,126907200
2020-08-21,120.63563537597656,121.11819493819868,115.66936721789659,115.68148892938783,338054800
2020-08-24,122.07843780517578,124.91804055011356,120.21609046422509,124.83315898862654,345937600
2020-08-25,121.07697296142578,121.42131690614454,119.35769534098384,120.95330633788029,211495600
2020-08-26,122.72349548339844,123.17938430241111,121.32673099966804,122.39128067814039,163022400
2020-08-27,121.25641632080078,123.65709978806709,120.11426694187719,123.32488497435537,155552400
2020-08-28,121.06000518798828,122.64590698975564,120.83690796249397,122.22881796842402,187630000
2020-08-31,125.16539764404297,127.06655257654671,122.21668415759454,123.74924435405829,225702700
2020-09-01,130.15109252929688,130.7524864197246,126.61069366744442,128.773731349047,151948100
2020-09-02,127.45455932617188,133.83698910317142,123.18668026100194,133.45869988967056,200119000
2020-09-03,117.25040435791016,124.97139321089942,116.88181705951085,123.09935129507485,257599600
2020-09-04,117.32801818847656,119.98574406174012,107.56038329847304,116.46474218511382,332607200
2020-09-08,109.43242645263672,115.41716207276087,109.29663073421304,110.52849400857393,231366600
2020-09-09,113.79729461669922,115.56264615107492,111.79915150644727,113.73909857280785,176940500
2020-09-10,110.08230590820312,116.88182317054356,109.12203408038299,116.74602745349068,182274400
2020-09-11,108.6370620727539,111.77008060116817,106.69711453574045,111.12989436180371,180860300
2020-09-14,111.89616394042969,112.44904864015743,109.41303369608222,111.27538137934282,140150100
2020-09-15,112.07076263427734,115.26197700807842,110.19871308977739,114.77699015613865,184642000
2020-09-16,108.76313781738281,112.51693833812011,108.67584374495958,111.7700619173575,154679000
2020-09-17,107.02688598632812,108.83103751673956,105.44583164529507,106.42550707639862,178011000
2020-09-18,103.6319580078125,107.55065156434694,102.90447793321525,107.08506846077829,287104900
2020-09-21,106.77468872070312,106.88138640178967,100.00427017683465,101.40103443810513,195713800
2020-09-22,108.45275115966797,109.47122644967507,105.8823269140235,109.29663089711133,183055400
2020-09-23,103.90357971191406,108.74374613747926,103.56408301527631,108.2684611226227,150718700
2020-09-24,104.9705581665039,106.93960365288808,101.84724157417912,102.01213533208141,167743300
2020-09-25,108.90861511230469,109.0638144126492,104.43703702539038,105.1742189014069,149981400
2020-09-28,111.5081787109375,111.85736984450415,109.39363569114487,111.55668035738763,137672400
2020-09-29,110.66429138183594,111.84766043177646,110.15990833447874,111.11048577797068,99382200
2020-09-30,112.33265686035156,113.7391232285353,110.20841939441779,110.3733131547286,142675200
2020-10-01,113.28321075439453,114.18528644364022,112.35203704296524,114.10768678427674,116120400
2020-10-02,109.62641906738281,111.90586307346008,108.85044458473479,109.50032515653433,144712000
2020-10-05,113.00193786621094,113.14743540361185,110.14051836534591,110.48970949498322,106243800
2020-10-06,109.7622299194336,112.63335124814374,108.87955028037823,112.2259566607193,161498200
2020-10-07,111.62454986572266,112.08043858541826,110.70307061944358,111.17836295291494,96849000
2020-10-08,111.51787567138672,112.90493833599005,111.14928093514196,112.75944080327828,83477200
2020-10-09,113.45782470703125,113.48692273393875,111.46937566481606,111.81856678833006,100506900
2020-10-12,120.66474151611328,121.42131989177481,115.69847302415036,116.4550513998119,240226800
2020-10-13,117.46380615234375,121.62499394990238,116.05734733652297,121.50859444916024,262330500
2020-10-14,117.55111694335938,119.33586502763562,116.028258506117,117.36681956932418,150712000
2020-10-15,117.08551788330078,117.56080289760202,114.60238771843201,115.15527240046332,112559200
2020-10-16,115.4462661743164,117.90030584427576,115.24257258596,117.63840880188037,115393800
2020-10-19,112.49754333496094,116.80422116143153,112.18715207359088,116.35803418573154,120639300
2020-10-20,113.98160552978516,115.40746797741103,112.15805033404632,112.71093501778782,124423700
2020-10-21,113.36082458496094,115.14557257156684,112.9534300225298,113.16682541230045,89946000
2020-10-22,112.27445983886719,114.49570058030427,111.14928675399084,113.92341222842757,101988000
2020-10-23,111.58576965332031,113.05043193781697,110.84858760677534,112.89523260157101,82572600
2020-10-26,111.59548950195312,113.05045021305911,109.49064071564872,110.58671585421544,111850700
2020-10-27,113.09893035888672,113.75851276167866,111.10078693291935,112.02225897491293,92276800
2020-10-28,107.86105346679688,111.9640447506843,107.76405759395712,111.5954574737689,143937800
2020-10-29,111.85736846923828,113.41902674173545,108.83104781563942,108.99594897135509,146129200
2020-10-30,105.59134674072266,108.62736202117581,104.4855772187525,107.72528610585144,190272600
2020-11-02,105.5040283203125,107.35668150297613,104.09756951905206,105.83382320217856,122866900
2020-11-03,107.12388610839844,108.14235394209176,105.46523215040254,106.36730788899447,107624400
2020-11-04,111.49845123291016,112.1192336829344,108.97652160464787,110.71277506341616,138235500
2020-11-05,115.4559555053711,116.02824377297978,113.3608163942021,114.40838224963099,126387100
2020-11-06,115.32479095458984,115.8203256136095,112.83736946099638,114.96527887670223,114457900
2020-11-09,113.02197265625,118.53120907039039,112.75963124213385,117.08345719402648,154515300
2020-11-10,112.68192291259766,114.25598657554706,110.8940882741732,112.27383288243148,138023400
2020-11-11,116.10211944580078,116.2381494579348,113.1385999950758,113.86733537997074,112295000
2020-11-12,115.83003997802734,117.1126137436234,115.20818648034917,116.22841881317535,103162300
2020-11-13,115.87863159179688,116.27700303551688,114.52804275815001,116.05352836084144,81581900
2020-11-16,116.88916778564453,117.55959935095183,114.80012470399369,115.54828982886944,91183000
2020-11-17,116.00494384765625,117.24865091924097,115.5871353083196,116.16041093814378,74271000
2020-11-18,114.68351745605469,116.42276682795455,114.65436922624248,115.24707460935673,76322100
2020-11-19,115.2762222290039,115.68431227037438,113.49810608907285,114.25598971249795,74113000
2020-11-20,114.0130844116211,115.40254027143864,113.96450649711626,115.27622879802983,73604300
2020-11-23,110.62202453613281,114.28513837643995,110.52486130551306,113.85761126601786,127959300
2020-11-24,111.90457916259766,112.56529939521855,109.39772821414678,110.68030932430327,113874200
2020-11-25,112.7402114868164,113.43979858279869,111.90459439029078,112.27382503154757,76499200
2020-11-27,113.28435516357422,114.15883921630498,112.92485040689866,113.26492547932713,46691300
2020-11-30,115.67457580566406,117.54013622605181,113.49808123546687,113.65354831037159,169410200
2020-12-01,119.24053955078125,119.9692749139944,116.60737666127397,117.57902381222483,127728200
2020-12-02,119.59031677246094,119.87209529729249,117.46240743053765,118.56036589233359,89004200
2020-12-03,119.45430755615234,120.270487635051,118.74500184780301,120.01785729073868,78967600
2020-12-04,118.78386688232422,119.37657225081612,118.07456118438024,119.12394191020984,78260400
2020-12-07,120.2413330078125,121.038083362331,118.7838623046875,118.84215876062711,86712000
2020-12-08,120.85346984863281,121.43646406909802,119.60004413555974,120.84375871454999,82225500
2020-12-09,118.32717895507812,122.37894545635208,117.5692954268489,120.99920839659741,115089200
2020-12-10,119.74578857421875,120.35793100204793,116.74340254220034,117.08347755039478,81312200
2020-12-11,118.93932342529297,119.27939842297663,117.13205925122674,118.95875310526962,86939800
2020-12-14,118.32717895507812,119.85266455789507,118.09398573402578,119.12392925566253,79184500
2020-12-15,124.25423431396484,124.27367140820184,120.61055751786674,120.81460252887871,157243700
2020-12-16,124.18620300292969,124.73032296084445,122.97164423038534,123.79755012617825,98208600
2020-12-17,125.05098724365234,125.90604149372504,124.40969655609783,125.24531371153455,94359800
2020-12-18,123.06883239746094,125.43965383144652,122.54414204339464,125.3036238225863,192541500
2020-12-21,124.59429931640625,124.67203286094654,119.94982751976666,121.47531311924551,121251600
2020-12-22,128.14083862304688,130.5991048748753,125.97405467288996,127.87848972538272,168904800
2020-12-23,127.24687957763672,128.67518682478877,127.07197543286729,128.41285284686637,88223700
2020-12-24,128.2282257080078,129.6759847359409,127.38289776059788,127.59666123656527,54930100
2020-12-28,132.814453125,133.44601785068772,129.72460743607215,130.1910087492954,124486200
2020-12-29,131.04605102539062,134.8549062093824,130.53107920371312,134.13589678161503,121047300
2020-12-30,129.9286651611328,132.13430846309575,129.61773093964035,131.73592955161843,96452100
2020-12-31,128.92784118652344,130.9197204767935,127.98534242224186,130.27842990655225,99116600
2021-01-04,125.74082946777344,129.8217435013824,123.16596368827079,129.73429883825594,143301900
2021-01-05,127.29549407958984,128.00480720900393,124.7886425294723,125.23560676408721,97664900
2021-01-06,123.01051330566406,127.3343470647896,122.79674977159817,124.09876065496377,155088000
2021-01-07,127.20803833007812,127.89791430422592,124.23480053472447,124.72062409151188,109578200
2021-01-08,128.30601501464844,128.8695721666665,126.53761000388556,128.67523086681507,105158200
2021-01-11,125.32304382324219,126.47930629071162,124.85665734789745,125.52709624591981,100384500
2021-01-12,125.14814758300781,126.01291289609365,123.26314986487158,124.85665049211372,91951100
2021-01-13,127.17888641357422,127.72300640920702,124.84693933910279,125.10927337732423,88636800
2021-01-14,125.25503540039062,127.28577434890036,125.1092794348303,127.09144788764522,90221800
2021-01-15,123.53520202636719,126.52787663913662,123.39917203606663,125.1287025525268,111598500
2021-01-19,124.20565032958984,125.0607045202907,123.34088500532488,124.15706500945309,90757300
2021-01-20,128.28656005859375,128.73352422939956,124.90523244341398,125.0121142129877,104319500
2021-01-21,132.9893035888672,135.70991781539036,129.80230301173157,130.00635537983658,120150900
2021-01-22,135.12696838378906,135.88485193048166,131.19179469063414,132.4160646907934,114459400
2021-01-25,138.86781311035156,140.97628571065687,132.6686993609781,139.0135690829673,157611700
2021-01-26,139.10101318359375,140.20869037046396,137.3617564370404,139.52854031294,98390600
2021-01-27,138.03219604492188,140.20869106595407,136.42898412808006,139.36334793740457,140843800
2021-01-28,133.20309448242188,137.96417406452278,132.82415271471342,135.5642045936499,142621100
2021-01-29,128.21852111816406,132.8629917399109,126.51813918014763,131.97878957386544,177523800
2021-02-01,130.3367462158203,131.5415940017464,127.21775238608966,129.95780442586786,106239800
2021-02-02,131.1626434326172,132.4452098565485,130.79341280132044,131.8816527763116,83305400
2021-02-03,130.14242553710938,131.92054165395052,129.82178018887643,131.91081569341782,89880900
2021-02-04,133.49459838867188,133.5043095225396,130.7739834636992,132.43550657690793,84183100
2021-02-05,133.0810089111328,133.72325779067754,132.20522578325316,133.65514858435046,75693800
2021-02-08,133.2270050048828,133.27566293088242,131.29053239728702,132.37067302189544,71297200
2021-02-09,132.35118103027344,134.1708861386868,132.19549648512387,132.94477197557092,76774200
2021-02-10,131.74790954589844,133.30487431692404,130.78453592339073,132.80858418639744,73046600
2021-02-11,131.49485778808594,132.72095704438246,130.17144270344224,132.24413324277845,64280000
2021-02-12,131.72836303710938,131.88406238888496,130.093564388388,130.73581307823173,60145100
2021-02-16,129.60704040527344,132.35117148769072,129.21779194968602,131.84517076789257,80576300
2021-02-17,127.32026672363281,128.66314806479286,125.98712587517291,127.7192408682256,97918500
2021-02-18,126.22065734863281,126.50284947960014,123.98252704202405,125.72436743621753,96856700
2021-02-19,126.37635040283203,127.1937647700894,125.3351422926217,126.73640709556466,87668800
2021-02-22,122.61048889160156,126.2304187991235,122.22124775949521,124.56641277376495,103916400
2021-02-23,122.4742431640625,123.30137584564321,115.20519230196524,120.43073670834654,158273000
2021-02-24,121.97798156738281,122.18233150568985,118.94191685635538,121.57901476139983,111039900
2021-02-25,117.73526000976562,123.05811336412599,117.29736837706596,121.32599812486836,148199500
2021-02-26,117.99800872802734,121.49143122307309,117.93961772875939,119.29222499597206,164560400
2021-03-01,124.35233306884766,124.48856634693102,119.4868376397081,120.42101187120407,116307900
2021-03-02,121.754150390625,125.25730532990295,121.64710890595583,124.95564701355688,102260900
2021-03-03,118.77647399902344,122.32828720569532,118.56239100874602,121.45249652917722,112966300
2021-03-04,116.89839172363281,120.27504677444026,115.4290174341431,118.47481493176636,178155000
2021-03-05,118.15367889404297,118.65969453198089,114.40724922583529,117.72552038212189,153766600
2021-03-08,113.22980499267578,117.74498394850409,113.08383865170997,117.67686731260757,154376600
2021-03-09,117.83255767822266,118.77646492277744,115.5944343694315,115.82797605727136,129525800
2021-03-10,116.75243377685547,118.88351576641335,116.23668501538924,118.41643235397203,111943300
2021-03-11,118.67914581298828,119.89551948779854,117.99797952475683,119.2435449798976,103026500
2021-03-12,117.77418518066406,117.91041846338683,115.95449457965704,117.16113540841165,88105100
2021-03-15,120.65455627441406,120.66428934425417,117.18059275719496,118.14396621912681,92403800
2021-03-16,122.19204711914062,123.79766203262986,121.36491441345117,122.31854732264155,115227900
2021-03-17,121.40383911132812,122.47424657756945,119.04893377660937,120.71293967926185,111932600
2021-03-18,117.28761291503906,119.86632656590932,117.08326303051578,119.57439391707281,121229700
2021-03-19,116.76213073730469,118.16339547869096,116.46047246487215,116.67455540304563,185549500
2021-03-22,120.07068634033203,120.53777713211232,117.02488910943605,117.09300574322106,111912300
2021-03-23,119.24354553222656,120.89781076796868,118.8543044696532,120.01229458916613,95467100
2021-03-24,116.85945129394531,119.59386443754735,116.83999258124882,119.51601473844956,88530500
2021-03-25,117.34601593017578,118.38723908571315,115.79879193762964,116.32426633816141,98844700
2021-03-26,117.94932556152344,118.2120664416162,115.72092802368101,117.1124598512715,94071200
2021-03-29,118.12449645996094,119.28248673827066,117.48225492917581,118.3775042989523,80819200
2021-03-30,116.6745834350586,117.16113298447573,115.66255948137214,116.87893335491496,85671900
2021-03-31,118.86404418945312,120.19718506636265,117.89094519064328,118.3774946900482,118323800
2021-04-01,119.69117736816406,120.83943448866229,119.19489479787379,120.33342627373456,75089100
2021-04-05,122.51317596435547,122.76618380455446,119.75930377924526,120.53778601486208,88651200
2021-04-06,122.81482696533203,123.71007628588559,122.26989388745704,123.09702657327624,80171300
2021-04-07,124.45936584472656,124.47882455845117,121.7736104771957,122.4450511751175,83466700
2021-04-08,126.85320281982422,126.88239460577601,125.06270398931379,125.48112948683244,88844600
2021-04-09,129.4221954345703,129.46111286986317,125.98715639774359,126.3082809200934,106686700
2021-04-12,127.7094955444336,129.27618525159716,127.11590466536393,128.955060856529,91420000
2021-04-13,130.8136749267578,131.0374983592836,128.3809277339075,128.8772176641677,91266500
2021-04-14,128.478271484375,131.36837696548068,128.1182295730411,131.3099933958929,87222800
2021-04-15,130.88182067871094,131.36837019796266,130.04495491166549,130.22012045971883,89347100
2021-04-16,130.55096435546875,131.04723949609195,129.69463249088383,130.6871976204425,84922400
2021-04-19,131.21266174316406,131.82571884662076,129.75301328602865,129.91843832937323,94264200
2021-04-20,129.52920532226562,131.88410306298763,128.26417368348118,131.38782793049364,94812300
2021-04-21,129.90872192382812,130.15199668398512,127.76790700410929,128.7993896114448,68847100
2021-04-22,128.39071655273438,130.54125756563838,127.87497514158638,129.46111681150813,84566500
2021-04-23,130.70668029785156,131.48514771146148,128.60478264515086,128.60478264515086,78657500
2021-04-26,131.09588623046875,131.42673629598994,129.96708793224363,131.20292770440926,66905100
2021-04-27,130.7747802734375,131.76734545845767,130.5023137282654,131.37809693084532,66015800
2021-04-28,129.98658752441406,131.38785269000346,129.5000379446019,130.69694575341165,107760100
2021-04-29,129.88926696777344,133.38270410909877,128.88697605750357,132.7988386951313,151101000
2021-04-30,127.92361450195312,129.96711370748065,127.54410644604702,128.23499849351802,109839500
2021-05-03,128.9745330810547,130.46338819019584,128.28364111599663,128.48798358801744,75135100
2021-05-04,124.41071319580078,127.95280060042849,123.29164779323206,127.66086791309522,137564700
2021-05-05,124.65399932861328,126.94077328039651,124.52749169549318,125.72439941828402,84000900
2021-05-06,126.2498779296875,126.2596035749363,123.71008135413715,124.44963872166365,78128300
2021-05-07,126.92245483398438,127.94593245749884,126.2108752190309,127.54629547170842,78973300
2021-05-10,123.64726257324219,126.26933982071908,123.60827160938823,126.14263220253412,88071200
2021-05-11,122.73101043701172,123.0819142652862,119.67028275042819,120.38185488141869,126142800
2021-05-12,119.6702880859375,121.4930768252382,119.16342036759427,120.28438654552215,112172300
2021-05-13,121.81475067138672,122.96495825371117,121.12267768901388,121.43459801116457,105861300
2021-05-14,124.23213958740234,124.66103284772763,122.67253787272075,123.06244016058305,81918000
2021-05-17,123.08192443847656,123.72526428981506,122.00969878967952,123.61804098125864,74244600
2021-05-18,121.69779205322266,123.7837608469623,121.62955970713838,123.36461716765379,63342900
2021-05-19,121.54180908203125,121.76599784022277,119.75801143334377,120.05043995950335,92612000
2021-05-20,124.09566497802734,124.49531683623646,121.94146411990351,122.06818662946591,76857100
2021-05-21,122.26313781738281,124.76825004025154,122.04869119774337,124.59279439116175,79295400
2021-05-24,123.89097595214844,124.70977148763245,122.76026751533502,122.82849985689472,63092900
2021-05-25,123.69602966308594,125.08018314804377,123.13067172111496,124.59279971373591,72009500
2021-05-26,123.64726257324219,124.17362943012175,123.22811900776954,123.7544858646491,56575900
2021-05-27,122.11691284179688,124.41732784538095,121.92196544288971,123.24762857840483,94625600
2021-05-28,121.46382904052734,122.6237861257757,121.40534630909178,122.3995899273286,71311100
2021-06-01,121.14216613769531,122.18515038351808,120.8107540580726,121.9219706400981,67637100
2021-06-02,121.9024658203125,122.07792145343016,120.9179717914318,121.14216055572481,59278900
2021-06-03,120.42085266113281,121.6977752920281,120.02120080570538,121.53206925104124,76229200
2021-06-04,122.71150970458984,122.97469686847107,120.72301503974921,120.93746163646239,75169300
2021-06-07,122.72126770019531,123.1306617200527,121.67828344764422,122.98444744531308,71057600
2021-06-08,123.54004669189453,125.21662849111421,123.0234294041827,123.40358202860334,74403800
2021-06-09,123.9201889038086,124.52453767386459,123.32558973367314,123.99817082964145,56877900
2021-06-10,122.92596435546875,124.95345011953233,122.76025831506651,123.81298472926724,71186400
2021-06-11,124.1346664428711,124.22239799050632,122.91622643570359,123.33537009563992,53522400
2021-06-14,127.18562316894531,127.24410590291394,123.8617230721818,124.59278699385679,96906500
2021-06-15,126.36685180664062,127.30262029411195,126.1231638006209,126.65928038857137,62746300
2021-06-16,126.86397552490234,127.58529740869534,125.21665702603657,127.07842216944793,91815000
2021-06-17,128.4625244140625,129.203345250585,126.37655629930642,126.52277798345058,96721700
2021-06-18,127.16612243652344,128.1895998960208,126.95167585727805,127.40981037898122,108953300
2021-06-21,128.95968627929688,129.06690958900398,125.9477063159808,127.01018237446559,79663300
2021-06-22,130.59722900390625,130.69471012361893,128.29681438987527,128.79394727746697,74783600
2021-06-23,130.32432556152344,130.92868185123652,129.8661909803765,130.39256533356104,60214200
2021-06-24,130.0416259765625,131.240566385548,129.57373445842103,131.05536118547494,68711000
2021-06-25,129.74923706054688,130.50954241745376,129.4568084909208,130.09040620403312,70783700
2021-06-28,131.3770751953125,131.8352098315601,129.98318695524438,130.04166969629122,62111300
2021-06-29,132.8879852294922,133.04394916994167,130.95797980543495,131.3966153736016,64556100
2021-06-30,133.50201416015625,133.94064949902392,132.43952338561445,132.73195190270366,63261400
2021-07-01,133.80418395996094,133.86266668828733,132.33229922059724,133.15110203776288,52485800
2021-07-02,136.42630004882812,136.4652835854969,134.27209152787285,134.41829838230024,78852600
2021-07-06,138.43421936035156,139.53567849836762,136.53345681166797,136.53345681166797,108181800
2021-07-07,140.91986083984375,141.23177365056304,139.05808151749494,139.91585290212097,104911600
2021-07-08,139.62350463867188,140.42279367497855,137.11838445022283,138.00541248474633,105575500
2021-07-09,141.4462890625,141.97264869395812,139.04839216165382,139.14587332881246,99890800
2021-07-12,140.8516387939453,142.62569425576672,140.36426288116348,142.51847096001342,76299700
2021-07-13,141.9628448486328,143.7369001800956,140.00359917768813,140.3934939298509,100827100
2021-07-14,145.38424682617188,145.79365573228569,143.95136027537654,144.36076918149035,127050800
2021-07-15,144.73114013671875,146.21276700697837,143.37623575739534,145.47196100861444,106820300
2021-07-16,142.69390869140625,145.9788173432772,142.19679065127386,144.7116519617399,93251400
2021-07-19,138.8534393310547,140.43254791143656,138.09313385194156,140.1206200874223,121434600
2021-07-20,142.45999145507812,143.38601770583355,139.35054523026795,139.83792120496685,96350000
2021-07-21,141.72889709472656,142.4404765741107,140.97834896361408,141.8556195804996,74993500
2021-07-22,143.09359741210938,144.4582442706814,142.12858757198936,142.2553100922622,77338200
2021-07-23,144.8091278076172,144.96509166825837,143.210535419876,143.82463382519293,71447400
2021-07-26,145.22830200195312,146.04709009069717,143.97086362595675,144.52647939059113,72434100
2021-07-27,143.06434631347656,145.4427434254304,141.87514775749966,145.35500444699645,104818600
2021-07-28,141.3195037841797,143.25926511063363,138.9411071473103,141.1537977724019,118931200
2021-07-29,141.9628448486328,142.8498725143642,140.92961036922324,141.0368336570977,56699500
2021-07-30,142.17733764648438,142.63547230965827,140.47152152252852,140.73470874624329,70440600
2021-08-02,141.84588623046875,143.23977416644965,141.5826990796388,142.66467417357075,62880000
2021-08-03,143.63946533203125,144.30228959895823,141.51449808960257,142.12859665195967,64786600
2021-08-04,143.2397918701172,144.058579914417,142.58670986762564,143.5517196242508,56368300
2021-08-05,143.3469696044922,144.10727467156428,142.4794412652161,143.26898769075027,46397700
2021-08-06,142.66366577148438,143.61059289976055,142.16580285802874,142.86867690985883,54126800
2021-08-09,142.6148681640625,143.21035833317768,142.05843483321482,142.72225212556916,48908700
2021-08-10,142.13650512695312,144.19631350606738,141.84363848192044,142.9565198163916,69023100
2021-08-11,142.39035034179688,143.22989365517753,142.06819844175104,142.57583309295842,48493500
2021-08-12,145.34823608398438,145.5044336133679,142.37078584930737,142.71246608285676,72282600
2021-08-13,145.55325317382812,145.88516176552068,144.74299521470792,145.42634081402107,59375000
2021-08-16,147.52517700195312,147.59351900321374,142.9857964116818,145.0065478391044,103296000
2021-08-17,146.61734008789062,148.07188700426227,145.5435005089824,146.6563820290242,92229700
2021-08-18,142.87843322753906,147.134719463398,142.67342208980006,146.23660593235846,86326000
2021-08-19,143.2103271484375,144.4794059910355,141.06266328178802,141.58005455752308,86960300
2021-08-20,144.6649169921875,144.96754045087513,143.28845394220284,143.93275769698107,60549600
2021-08-23,146.1487579345703,146.61733569322215,144.37204430196212,144.7820517027598,60131800
2021-08-24,146.0608673095703,147.27137582254224,145.6020463753851,145.8949130199866,48606400
2021-08-25,144.8308563232422,146.74423897086186,144.28417982272728,146.24636116832204,58991300
2021-08-26,144.03033447265625,145.57275146160703,144.00104929973693,144.82107882892396,48597200
2021-08-27,145.06517028808594,145.2115961914639,143.33727014912955,143.97180225819312,55802400
2021-08-30,149.47763061523438,149.83883931473636,145.07491826892314,145.45564049048158,90956700
2021-08-31,148.21832275390625,149.16524992421503,147.6911597437249,149.0285807911714,86453100
2021-09-01,148.88211059570312,151.29335581344367,148.71615631662897,149.19450563571235,80313700
2021-09-02,149.9949951171875,151.03954929712242,148.77472989529102,150.20976298790652,71115500
2021-09-03,150.62954711914062,150.9516989362315,149.44832378980732,150.10238418360416,57808700
2021-09-07,152.96270751953125,153.51914078415754,150.71741625258127,151.2836211735212,82278300
2021-09-08,151.42030334472656,153.3043860941943,150.31717858511598,153.24581573453693,74420200
2021-09-09,150.405029296875,152.39649574316758,150.2878736971047,151.7912489116524,57305700
2021-09-10,145.4263458251953,151.78148246152148,145.16276433644302,151.3129047338198,140893200
2021-09-13,145.99253845214844,147.8180505115286,145.21156570783384,147.04684942260073,102404300
2021-09-14,144.59654235839844,147.4763801866019,143.4153339702326,146.7735062300835,109296300
2021-09-15,145.4849395751953,145.88519025288556,142.88821089491876,145.0261185341006,83281300
2021-09-16,145.2506561279297,145.4263821295721,143.71801019803328,144.9089906791146,68034100
2021-09-17,142.5855712890625,145.27992686740734,142.29270460935308,145.27992686740734,129868800
2021-09-20,139.53981018066406,141.39460787991925,137.909537174392,140.37935348466607,123478900
2021-09-21,140.01815795898438,141.16033974315945,139.38362576406158,140.50626423071614,75834000
2021-09-22,142.38058471679688,142.94677480134484,140.28171911608493,141.01387841720836,76404300
2021-09-23,143.33726501464844,143.581318108749,142.1755699033987,143.16153904107028,64838200
2021-09-24,143.4251251220703,143.96204492535793,142.09747565204063,142.19510285111807,53477900
2021-09-27,141.9119873046875,142.48796392317834,140.39887004950094,142.00961449990794,74150700
2021-09-28,138.5343017578125,141.30674132874793,138.31953384357482,139.8424227657557,108972300
2021-09-29,139.4324188232422,141.013878143942,138.65144592439347,139.08098176355122,74602000
2021-09-30,138.13406372070312,140.9455603850025,137.91929578685694,140.24268621892764,89056700
2021-10-01,139.2566680908203,139.5202495626883,135.80088336468526,138.52450892126643,94639600
2021-10-04,135.83018493652344,138.82716398233575,134.98088496397907,138.38785651091933,98322000
2021-10-05,137.75331115722656,138.8564357660988,136.04493972017434,136.17185207930245,80861100
2021-10-06,138.6221466064453,138.76857249312508,135.07849119061893,136.15233067899587,83221100
2021-10-07,139.8814697265625,140.78935501402486,139.32503639848235,139.6569450430087,61732700
2021-10-08,139.500732421875,140.7502829805711,139.16882381318146,140.60385709315267,58773200
2021-10-11,139.41287231445312,141.36529686032225,138.43666004151856,138.88572424122802,64452200
2021-10-12,138.14378356933594,139.84239816609858,137.68496264197734,139.82286975119803,73035900
2021-10-13,137.55809020996094,138.03642474342516,135.88876048394778,137.88024208325538,78762700
2021-10-14,140.3402862548828,140.45744186952987,138.1438084019397,138.72954178771872,69907100
2021-10-15,141.39459228515625,141.45316264244676,140.0962280805495,140.35005282323274,67940300
2021-10-18,143.06396484375,143.34705995414433,139.75460460218306,140.03769971257742,85589200
2021-10-19,145.2213592529297,145.62160993395176,143.06393807186709,143.51298745891924,76378900
2021-10-20,145.70944213867188,146.18779152686344,144.59656071553547,145.16276563549152,58418800
2021-10-21,145.92420959472656,146.0804071368253,144.35250720492448,145.27014914498275,61421000
2021-10-22,145.1529998779297,146.60754657748723,145.10418628692474,146.129212114762,58883400
2021-10-25,145.1042022705078,145.8168331110648,144.10846150842693,145.14324421012236,50720600
2021-10-26,145.7680206298828,147.25185252804923,145.4653823192533,145.77777738990952,60893400
2021-10-27,145.30917358398438,146.16823008237915,144.95773664051836,145.80703638063864,56094900
2021-10-28,148.9407196044922,149.52643805425132,146.1585085567286,146.256135746264,100077900
2021-10-29,146.23654174804688,146.37321081461528,142.92718409003072,143.71791332487717,124953200
2021-11-01,145.4165802001953,146.13896771640327,144.28417043944881,145.44586537540286,74588300
2021-11-02,146.45135498046875,147.96448683414823,145.11393416867705,145.12370582377017,69122000
2021-11-03,147.88641357421875,148.35499132920407,146.25614074482093,146.81257403590004,54511500
2021-11-04,147.3690185546875,148.80403696262286,147.0566234619275,147.97426542713765,60394600
2021-11-05,147.89694213867188,148.79636649786093,146.70422366033108,148.49330137784227,65463900
2021-11-08,147.07574462890625,148.18047945260236,146.80200740282297,148.02405391839477,55020900
2021-11-09,147.43746948242188,148.04359979638906,146.7042415538898,146.84111017051336,56787900
2021-11-10,144.61207580566406,146.7726603269792,144.54364896685252,146.66511965093986,65187100
2021-11-11,144.56321716308594,146.0883289050465,144.37746369649008,145.62885311604722,41000000
2021-11-12,146.63580322265625,147.03662312152338,144.18192440007093,145.11067671997742,63804000
2021-11-15,146.64556884765625,148.483531417499,146.08830852560698,147.00728981052836,59222800
2021-11-16,147.62319946289062,148.102247003654,146.00031832566742,146.58690654221206,59256200
2021-11-17,150.05755615234375,151.53378312081145,147.61346287620162,147.62323387898405,88807000
2021-11-18,154.3395538330078,155.12166644396783,149.62735108476016,150.27259510761894,137827700
2021-11-19,156.9596405029297,157.41913113659675,153.02953515610952,154.12448394226502,117305600
2021-11-22,157.4191131591797,161.9944471367291,157.39955624235793,158.06434223873075,117467900
2021-11-23,157.8004150390625,158.18169292863084,155.502961782972,157.51689191338718,96041900
2021-11-24,158.3185577392578,158.51408217991857,156.06998937776268,157.15516717862224,69463600
2021-11-26,153.3032684326172,156.8618668141861,152.8633347292546,156.00155632601601,76959800
2021-11-29,156.6565704345703,157.58532267329434,155.2389847402696,155.8060160344783,88748200
2021-11-30,161.60340881347656,161.8184901598309,156.34371666317804,156.41215841772612,174048100
2021-12-01,161.0852508544922,166.49158221025922,160.85061260681175,163.73463874085127,152052500
2021-12-02,160.09780883789062,160.52797144851237,154.27110143280012,155.190082479573,136739200
2021-12-03,158.22076416015625,161.27100166043388,156.14817855062066,160.35202051883033,118023100
2021-12-06,161.62295532226562,164.12570364495514,160.60620449270007,160.61597549233863,107497000
2021-12-07,167.3518524169922,167.7429160691887,164.5753676153854,165.2988241837842,120405400
2021-12-08,171.16470336914062,172.02502878126478,166.88264814477856,168.2806769394803,116998900
2021-12-09,170.6563262939453,172.79735388590385,170.03063915946248,170.9985052389604,108923700
2021-12-10,175.4369659423828,175.61294836881706,170.78341894665584,171.29179439045112,115402700
2021-12-13,171.80995178222656,178.05705234389498,171.60464142456377,177.06962931153166,153237000
2021-12-14,170.43145751953125,173.76520322122326,168.35887188331523,171.3308817563336,139380400
2021-12-15,175.290283203125,175.4858075818224,168.45659652363045,171.19398257805545,131063300
2021-12-16,168.40777587890625,177.08919884301145,166.9315491019716,175.27079308478832,150185800
2021-12-17,167.31283569335938,169.59073223954843,165.8952646870351,166.12988807604526,195432700
2021-12-20,165.95387268066406,166.76531314131543,163.7150906232475,164.51674516713837,107499100
2021-12-21,169.1214599609375,169.3267554134747,165.33799395674112,167.72343104614094,91185900
2021-12-22,171.71217346191406,171.9272548095711,168.300214735498,169.17031112645324,92135300
2021-12-23,172.3378448486328,172.89510508509778,171.35043687369296,171.91746810959268,68356600
2021-12-27,176.29727172851562,176.38525547317582,173.11018066452525,173.1297226627458,74919600
2021-12-28,175.28054809570312,177.2749361221624,174.5375492742612,176.1311025117923,79144300
2021-12-29,175.36849975585938,176.59054579626414,174.15622471345836,175.31961493073234,62348900
2021-12-30,174.21490478515625,176.53191454419968,174.10736412193012,175.4565079119385,59773000
2021-12-31,173.59902954101562,175.2218958133562,173.29594950484335,174.1073900997929,64062300
2022-01-03,177.9397430419922,178.79029755777358,173.73591497728762,173.8532266687499,104487900
2022-01-04,175.68136596679688,178.84891521802436,175.11433471652768,178.54585013474667,99310400
2022-01-05,171.0082550048828,176.1408490374331,170.7345178498846,175.5933747274367,94537600
2022-01-06,168.15357971191406,171.3797850968752,167.80162976232634,168.83792269234627,96904000
2022-01-07,168.3197784423828,170.24572473108867,167.2052727402814,169.02367835082143,86709100
2022-01-10,168.33932495117188,168.64239004792708,164.40921985835627,165.2988731483881,106765600
2022-01-11,171.16470336914062,171.26245812752686,166.99997473942338,168.46643037323963,76138300
2022-01-12,171.60464477539062,173.21774007794218,170.91053076473975,172.18144710369126,74805200
2022-01-13,168.33932495117188,172.6702498945838,167.94826118313497,171.8490383580425,84505800
2022-01-14,169.1996612548828,169.89377524696252,167.26392904254132,167.50833831927105,80440800
2022-01-18,166.00277709960938,168.6814931182034,165.6214992398613,167.67452813175186,90956700
2022-01-19,162.5126190185547,167.25416515581253,162.22911080921511,166.19831524532339,94815000
2022-01-20,160.8310546875,165.8854360990158,160.50843269303434,163.24581922868165,91420500
2022-01-21,158.7780303955078,162.61036568511253,158.67048972769118,160.74307541554964,122848900
2022-01-24,158.00572204589844,158.67052310978175,151.24047430258736,156.44151145113545,162294600
2022-01-25,156.20684814453125,159.1202024043847,153.5085752311325,155.4247355135648,115798400
2022-01-26,156.11888122558594,160.71377291639465,154.29070450112417,159.84367643647036,108275300
2022-01-27,155.6593780517578,160.1760566161972,154.74039680395836,158.8171416631375,121954600
2022-01-28,166.52093505859375,166.54049197821774,159.15932862262193,162.00425626677838,179935700
2022-01-31,170.8714141845703,171.0864955438015,165.71926239899202,166.35473547583268,115541600
2022-02-01,170.7052001953125,170.93005253238587,168.4566320719076,170.1186120178827,86213900
2022-02-02,171.9076690673828,171.94678289724823,169.45380581653876,170.84204842565634,84914300
2022-02-03,169.03341674804688,172.29873538364427,168.27086114724798,170.57808486487306,89418100
2022-02-04,168.74960327148438,170.42349941150601,167.07570713146276,168.05458991972742,82465400
2022-02-07,168.03497314453125,170.27660749223818,167.33995999905824,169.20962915449093,77251200
2022-02-08,171.1380615234375,171.64708470161528,167.8098514342005,168.10351922686326,74829200
2022-02-09,172.5574188232422,172.9196005956565,171.20655609241282,172.33228001362485,71285000
2022-02-10,168.48526000976562,171.77430598076174,167.92730472233933,170.46260694632986,90865900
2022-02-11,165.0787811279297,169.4250227899619,164.4914455219278,168.690860750742,98670700
2022-02-14,165.31369018554688,165.99890498473425,163.04267549502603,163.83556797241158,86185500
2022-02-15,169.14111328125,169.29773807776493,166.654758116967,167.35955476472148,62527400
2022-02-16,168.90618896484375,169.67949961629867,166.4589825612284,168.22097415914394,61177400
2022-02-17,165.31369018554688,168.27970312361404,164.91234475439344,167.41828169802858,69589300
2022-02-18,163.76707458496094,166.93864489391834,162.68051421778296,166.23386310925557,82772700
2022-02-22,160.85003662109375,163.16998418925112,158.72584769849567,161.49608794845346,91162800
2022-02-23,156.68971252441406,162.641304356549,156.37646298769116,162.044185496661,90009200
2022-02-24,159.30337524414062,159.4110529381091,148.7901697172211,149.3579234730035,141147500
2022-02-25,161.36886596679688,161.63315361827787,157.47290093422131,160.380184593064,91974200
2022-02-28,161.63307189941406,161.92673963359974,158.9998756125995,159.6165763607333,95056600
2022-03-01,159.753662109375,163.08187242749526,158.54964050687724,161.2219862371019,83474400
2022-03-02,163.04270935058594,163.82581854222389,159.5089420061074,160.9185355637426,79724800
2022-03-03,162.7196502685547,165.3430634011942,162.05401727070716,164.91235266773373,76678400
2022-03-04,159.72427368164062,162.05401907314567,158.67687705595137,161.01640589639365,83737200
2022-03-07,155.93601989746094,161.5352302369313,155.68150083148916,159.91028134097652,96418800
2022-03-08,154.11532592773438,159.4404512853576,152.50995857167746,155.4661891073489,131148300
2022-03-09,159.50892639160156,159.95921898709753,156.04368834876885,158.06996768709067,91454900
2022-03-10,155.17247009277344,157.00297572975708,152.68609998585092,156.81698565051138,105342000
2022-03-11,151.46250915527344,155.91642822664025,151.23737032666907,155.57381332247203,96970100
2022-03-14,147.43931579589844,150.86540543880508,146.93030751756515,148.25179027503273,108732100
2022-03-15,151.81491088867188,152.28478532825997,147.20438184151632,147.713390079557,92964300
2022-03-16,156.21986389160156,156.62120932527256,151.19820652447248,153.73350876565036,102300200
2022-03-17,157.22816467285156,157.60014494995056,154.30131439746998,155.2606154453612,75615400
2022-03-18,160.51719665527344,161.00663805311925,156.3863100625295,157.12047215929823,123511700
2022-03-21,161.88763427734375,162.8371517415441,159.5676719986422,160.0571133745572,95811400
2022-03-22,165.25497436523438,165.84229498697943,161.42753966012307,162.01486028186812,81532000
2022-03-23,166.61566162109375,168.9943398505725,164.1097089009123,164.4425404319918,98062700
2022-03-24,170.3941192626953,170.46263328488442,166.61563143205333,167.4476727675763,90131400
2022-03-25,171.03038024902344,171.57855215101324,169.1019802060181,170.20812239603873,80546200
2022-03-28,171.8917999267578,172.0190445148475,168.36781639958284,168.53422465828777,90371900
2022-03-29,175.1808319091797,175.22976408859992,172.61614940998814,172.95876428530602,100589400
2022-03-30,174.0159454345703,175.8170856417981,172.96853399467147,174.77947258625517,92633200
2022-03-31,170.9227294921875,174.27050693821633,170.71715752826566,174.0845168128981,103049300
2022-04-01,170.62905883789062,171.18702920461877,168.3091113767006,170.35497284823808,78751300
2022-04-04,174.6718292236328,174.72077634534207,170.75629847192283,170.88355800105404,76468400
2022-04-05,171.36322021484375,174.53480585728352,170.7367358216346,173.75169663163055,73401800
2022-04-06,168.20140075683594,169.963392443072,166.5373033062765,168.72020734548278,89058800
2022-04-07,168.50482177734375,169.69905954306716,166.26318757309542,167.54552117320154,77594700
2022-04-08,166.49815368652344,168.15246782773184,165.62694868711696,168.15246782773184,76575500
2022-04-11,162.24978637695312,165.46052001953282,162.0050657338506,165.1472853633742,72246700
2022-04-12,164.1194610595703,166.28278325109693,163.1209966207163,164.47185939466212,79265200
2022-04-13,166.80162048339844,167.42810486793778,163.24828613297083,163.85518867958416,70618900
2022-04-14,161.7994842529297,167.653212444084,161.55476362429968,167.0169298477089,75329400
2022-04-18,161.5841522216797,163.0818413516457,160.11582837374732,160.45842830966066,69023900
2022-04-19,163.8649444580078,164.2760883021938,160.44865367684753,161.53521398147984,67723800
2022-04-20,163.6985626220703,165.3137281661249,162.59243524088046,165.1962520760154,67929800
2022-04-21,162.90565490722656,167.90774603308134,162.4064301142371,165.34307817395856,87227800
2022-04-22,158.37338256835938,164.32498956486253,158.08951323432865,162.94477668345723,84882400
2022-04-25,159.44041442871094,159.7242838315626,155.11375480994548,157.71757136622622,96046400
2022-04-26,153.4888153076172,158.91181906878418,153.4105028966986,158.82372320771267,95623200
2022-04-27,153.263671875,156.41566043489684,152.09879906936447,152.61760570667977,88063200
2022-04-28,160.1843719482422,161.04579354437072,155.57382764277364,155.88707729102597,130216800
2022-04-29,154.32083129882812,162.69028026576657,153.9292842451666,158.42235165998022,131747600
2022-05-02,154.62429809570312,154.88858563658798,150.0333364297974,153.40069487713816,123055300
2022-05-03,156.11221313476562,157.31624964341847,153.01895506893698,154.81029731534235,88966500
2022-05-04,162.51409912109375,162.964376768375,155.8968429541357,156.29818841895514,108256500
2022-05-05,153.4594268798828,160.61505617925764,151.6778534074066,160.38991736716943,130525300
2022-05-06,154.18487548828125,156.3023722983105,151.14587460582203,152.93986371222095,116124600
2022-05-09,149.06756591796875,152.763379211531,148.50879088738637,151.88108159062776,131577900
2022-05-10,151.46939086914062,153.6555174482576,149.92048190900607,152.45952464307157,115366700
2022-05-11,143.6169891357422,152.39085681137783,142.94056542836282,150.4792343504193,142689800
2022-05-12,139.75454711914062,143.32291464808353,136.06854586723028,139.9604210928437,182602000
2022-05-13,144.21499633789062,145.18551933414366,140.29371306035543,141.74458368466105,113990900
2022-05-16,142.6759033203125,144.616949555646,141.34266624082053,142.68571610317943,86643800
2022-05-17,146.30308532714844,146.82265416778552,143.79345144967377,145.93055862687706,78336300
2022-05-18,138.04881286621094,144.46010573899827,137.1469043666091,143.960147405131,109742900
2022-05-19,134.64707946777344,138.87226008655338,133.91183880440775,137.12729010884627,136095600
2022-05-20,134.88232421875,137.9311222550243,130.00033122355916,136.3528052981394,137426100
2022-05-23,140.29376220703125,140.4408043980461,134.94120207638255,135.07844644083437,117726300
2022-05-24,137.5978546142578,139.17617200488684,134.62748321427134,138.03899606760518,104132700
2022-05-25,137.75465393066406,138.9996503137762,135.6175472592854,135.70577252262308,92482700
2022-05-26,140.95053100585938,141.49950829001511,134.44120114221013,134.68628135538745,90601500
2022-05-27,146.69522094726562,146.73442720207444,142.40141055796454,142.5288570634857,90978500
2022-05-31,145.91094970703125,147.69514080945274,143.9503080341332,146.1364342695409,103718400
2022-06-01,145.7834930419922,148.7538634677618,144.77374899266687,146.9500620711425,74286600
2022-06-02,148.23431396484375,148.29313081917098,143.96991252402043,144.920824891666,72348100
2022-06-03,142.51904296875,145.05807025566116,141.61714962601158,144.00911981753086,88570300
2022-06-06,143.26409912109375,145.64628674294468,142.04849579123675,144.13658414441952,71598400
2022-06-07,145.7834930419922,146.06777945381725,141.26421416659088,141.5092943334597,67808200
2022-06-08,145.0482635498047,146.92066479832334,144.5581031788664,145.6560576230458,53950200
2022-06-09,139.8330078125,145.0385107098106,139.72517188798733,144.1856360986281,69473000
2022-06-10,134.43141174316406,137.9899664897166,134.36278209908923,137.51941663931075,91437900
2022-06-13,129.2847442626953,132.53940235521404,128.85340060932865,130.2552525242583,122207100
2022-06-14,130.14739990234375,131.25516732822615,128.89259032192393,130.5101288143863,84784300
2022-06-15,132.7648468017578,134.63726323315953,129.5592083618082,131.64728162043858,91533000
2022-06-16,127.50052642822266,129.78467578709342,126.50059498012912,129.48077871917013,108123900
2022-06-17,128.97103881835938,130.46113104749855,127.25547692933145,127.51036998343507,134520300
2022-06-21,133.1962127685547,134.36279718069025,130.69640612370614,130.79442925101708,81000500
2022-06-22,132.68641662597656,135.04897821391006,131.2747523831488,132.1374244527046,73409200
2022-06-23,135.54893493652344,135.8626297533086,132.96088912439794,134.1274730436884,72433800
2022-06-24,138.8722686767578,139.1173489130396,137.01946268880786,137.14689423988725,89116800
2022-06-27,138.8722686767578,140.6662578013618,138.19584483125837,139.89179587794544,70207900
2022-06-28,134.73532104492188,140.59763645444562,134.61768731128618,139.33302894232776,67083400
2022-06-29,136.49005126953125,137.90171551636791,133.98043259004706,134.7548943447595,66242400
2022-06-30,134.02944946289062,135.64697266058235,131.13750634293814,134.54901824559195,98964500
2022-07-01,136.1959686279297,136.3038045198631,132.9903302157903,133.36284196732555,71051600
2022-07-05,138.77420043945312,138.82321946775843,134.23531066321448,135.05879144662464,73353800
2022-07-06,140.10745239257812,141.28383440664965,138.30366564043456,138.56835645511603,74064300
2022-07-07,143.46994018554688,143.66600133351363,140.46034846155806,140.470146283479,66253700
2022-07-08,144.14637756347656,144.64635079248632,142.1465295229667,142.40140757015126,64547800
2022-07-11,142.01910400390625,143.75427642973983,140.95055766241197,142.80336382609462,63141600
2022-07-12,142.98960876464844,145.52863633565593,142.19555121961218,142.89157069008422,77588800
2022-07-13,142.62689208984375,143.56799177024092,139.3232005090592,140.17608985764943,71185600
2022-07-14,145.5482635498047,146.01881345268225,140.43098661066193,141.24465485515523,78140700
2022-07-15,147.2147674560547,147.89119117713278,145.28353435270415,146.83244295612025,76259900
2022-07-18,144.17579650878906,148.58724039251226,143.81306761767442,147.77357228115997,81420900
2022-07-19,148.0284423828125,148.25391198084102,144.01893385798232,145.0090524915063,82982400
2022-07-20,150.02833557128906,150.69496170219924,147.41088001170658,148.14612084165154,64823400
2022-07-21,152.2928466796875,152.50851845862235,148.94994906470606,151.45956799212024,65086600
2022-07-22,151.05763244628906,153.2045374479934,150.3910214648786,152.3320525114364,66675400
2022-07-25,149.94009399414062,151.98896129458768,149.28328071900498,150.97923186102722,53623900
2022-07-26,148.6166534423828,150.07732200029463,147.83239373585778,149.2636538636445,55138700
2022-07-27,153.70448303222656,154.2338646113094,149.1656081545016,149.57734107239523,78620700
2022-07-28,154.25350952148438,154.53779601902812,151.37136349671525,153.89078059336344,81378700
2022-07-29,159.31192016601562,160.40988958103017,156.36116008489938,158.0669235799792,101786900
2022-08-01,158.33160400390625,160.37067302404677,157.72380990621818,157.84144361325252,67829400
2022-08-02,156.8611297607422,159.2139087149108,156.48861801917639,156.94937000342367,59907000
2022-08-03,162.8607177734375,163.311657015849,157.58658648416494,157.67481177613547,82507500
2022-08-04,162.54698181152344,163.8998292386339,161.19413438441296,162.7430429706028,55474100
2022-08-05,162.32119750976562,162.8120387299593,160.0142377831412,160.22039768650808,56697000
2022-08-08,161.84999084472656,164.7361398246356,161.19226535966965,163.32251461167718,60276900
2022-08-09,161.8990936279297,162.78261696114208,160.25968547297944,161.0155852740051,63135500
2022-08-10,166.13999938964844,166.23815868025727,163.84285029590276,164.60856166738782,70170500
2022-08-11,165.40374755859375,167.85795466533673,165.10923970992633,166.9449818323968,57149200
2022-08-12,168.94761657714844,169.01632658420414,166.29706102264856,166.70938098214606,68039400
2022-08-15,170.01760864257812,170.21394216296972,168.21131628811554,168.3782005294128,54091700
2022-08-16,169.8605499267578,170.52810192661653,168.51564947224608,169.61512926108554,56377100
2022-08-17,171.3527374267578,172.92342093468278,169.40900965777863,169.6053432238579,79542000
2022-08-18,170.96002197265625,171.6962839363271,169.94889007422466,170.56735491708034,62290100
2022-08-19,168.37820434570312,170.55754092380556,168.1720444080825,169.86053968443733,70346300
2022-08-22,164.50054931640625,166.74859572706774,164.0784180378036,166.58171149389958,69026800
2022-08-23,164.16680908203125,165.61971039901564,163.59743126526018,164.01956265497435,54147100
2022-08-24,164.46127319335938,165.03065085876125,163.20472075222654,164.2551282502834,53841500
2022-08-25,166.91551208496094,167.0234977835924,165.26629230145085,165.68840868200775,51218200
2022-08-26,160.62289428710938,167.91680343416758,160.56399573070382,167.44560000363606,78961000
2022-08-29,158.42393493652344,159.91608162954805,156.89251255304256,158.19813716461735,73314000
2022-08-30,155.99917602539062,159.58231130465205,154.8309714061125,159.16019500251252,77906200
2022-08-31,154.3401336669922,157.63858767600124,154.2615972644816,157.3735291899389,87991100
2022-09-01,155.0665740966797,155.51813965771387,151.83683028732437,153.77074600824523,74229900
2022-09-02,152.9559783935547,157.4226376540656,152.13136852434044,156.82381061062185,76957800
2022-09-06,151.6993865966797,154.2124912520568,150.8747769402501,153.60385293125665,73714800
2022-09-07,153.10321044921875,153.80019664109167,150.7962505650505,151.98409298992328,87449600
2022-09-08,151.6306915283203,153.49588236025656,149.88328282837716,151.80738719524012,84923800
2022-09-09,154.4873809814453,154.92915012061422,151.91537744584716,152.62219009337275,68028800
2022-09-12,160.43637084960938,161.2511691580026,156.38203213199495,156.6667134786447,104956000
2022-09-13,151.02203369140625,157.5993035102858,150.5606417135221,156.97102730327344,122656600
2022-09-14,152.46511840820312,154.22233860679495,150.79626102566698,151.95463927472932,87965400
2022-09-15,149.57896423339844,152.39640331677907,148.6071081028978,151.81719923234522,90481100
2022-09-16,147.93955993652344,148.57766259301448,145.65223775657734,148.44022763272653,162278800
2022-09-19,151.6503448486328,151.7288812650201,146.368901915373,146.57504690151106,81474200
2022-09-20,154.0260009765625,155.18439428665013,150.27598106267698,150.59011171978128,107689800
2022-09-21,150.9042510986328,155.83230196535132,150.78645397951445,154.4579373320565,101696800
2022-09-22,149.9422149658203,151.64052177438083,148.14573389948876,149.58880860884872,86652500
2022-09-23,147.67449951171875,148.6954577569954,145.83875792782328,148.42058784002563,96029900
2022-09-26,148.00828552246094,150.95333323742267,146.8989794231201,146.91861726875362,93339400
2022-09-27,148.98013305664062,151.88591989139582,147.20329010150107,149.9421927062511,84442700
2022-09-28,147.09530639648438,147.8806554147203,142.18689375661808,144.93560783080054,146691400
2022-09-29,139.87013244628906,144.03247205665744,138.1031007730531,143.42383363893248,128138200
2022-09-30,135.6685333251953,140.4787870882612,135.47219979960417,138.69211755301987,124925300
2022-10-03,139.8406982421875,140.44935170481597,135.16789396191245,135.67837316238783,114311700
2022-10-04,143.423828125,143.54162523892447,141.61752082886468,142.3734205948832,87830100
2022-10-05,143.7183380126953,144.68039782185656,140.39043433471556,141.43103055560152,79471000
2022-10-06,142.76609802246094,144.83744897574383,142.55995305808347,143.13914221609966,68402200
2022-10-07,137.52389526367188,140.47876912027488,136.89561907456743,139.9290143479333,85925600
2022-10-10,137.84786987304688,139.29094450363405,136.03176603772727,137.84786987304688,74899000
2022-10-11,136.43423461914062,138.76083241469453,135.68816128454225,137.33738075448184,77033700
2022-10-12,135.8059539794922,137.78895683135124,135.6292583188671,136.58149154588781,70433700
2022-10-13,140.37078857421875,140.95978909716513,131.90867508719168,132.51732843397534,113224000
2022-10-14,135.84521484375,141.87274416009623,135.6586927916983,141.66658426591152,88598000
2022-10-17,139.80140686035156,140.28242169324201,137.70060693296034,138.48595592005591,85250900
2022-10-18,141.1168670654297,144.0128276023933,138.03438444661543,142.82500010106065,99136600
2022-10-19,141.224853515625,142.2948839097448,138.9080820775627,139.09460416043055,61758300
2022-10-20,140.7634735107422,143.21768011702426,140.0370229627389,140.40025572638473,64522000
2022-10-21,144.57240295410156,145.1417806685085,140.03701908535325,140.25299045906925,86548600
2022-10-24,146.71246337890625,147.47817461798252,143.3256613631015,144.49386606815804,75981900
2022-10-25,149.54953002929688,149.69679141311283,146.62411995147127,147.34074408565283,74732300
2022-10-26,146.61428833007812,149.20592954793565,145.32827166402765,148.19479776463467,88194300
2022-10-27,142.14764404296875,146.31979510961392,141.48991849585923,145.35775035197634,109180200
2022-10-28,152.88726806640625,154.6150242142885,145.11234293200243,145.48537216958695,164762400
2022-10-31,150.53121948242188,151.41474288743174,149.13723186575905,150.35452378899333,97943200
2022-11-01,147.89047241210938,152.60255171953904,146.3983256985316,152.2393339638939,80379300
2022-11-02,142.37342834472656,149.3826416112209,142.34397906464244,146.22162239502856,93604600
2022-11-03,136.33607482910156,140.18426855678922,136.20845130657773,139.45781809061094,97918500
2022-11-04,136.0706024169922,140.28900066971147,132.13735779737468,139.71867839937045,140814800
2022-11-07,136.6015625,136.827719829141,133.40580174577732,134.82177198830993,83374600
2022-11-08,137.17190551757812,139.069688836373,135.19545550623369,138.06672226567503,89908500
2022-11-09,132.619140625,136.23773265765962,132.34381476431366,136.18856411022261,74917800
2022-11-10,144.4188995361328,144.4188995361328,137.171901375878,138.88286812786214,118854000
2022-11-11,147.20166015625,147.50648417895965,141.96061049585242,143.38642351170455,93979700
2022-11-14,145.8053436279297,147.77196548965426,144.9695233350431,146.4838305708861,73374100
2022-11-15,147.5359649658203,151.0267217594032,146.0806689942232,149.6795905900005,89868300
2022-11-16,146.30685424804688,147.36883205309908,144.83188757505272,146.64119143040293,64218300
2022-11-17,148.2046356201172,148.9519465811487,143.71089713297823,143.98622301357588,80389400
2022-11-18,148.76515197753906,150.1516244369956,147.46718893347042,149.7681336507777,74829600
2022-11-21,145.53985595703125,147.86047052115927,145.25470236836378,147.65398361312236,58724100
2022-11-22,147.67367553710938,147.9096756373434,144.47791399161687,145.65789948864827,51804100
2022-11-23,148.54881286621094,149.29612388958984,146.84767388557262,146.95583870512687,58301400
2022-11-25,145.63818359375,146.3953372169929,144.66470036386627,145.8348427804778,35195900
2022-11-28,141.8131103515625,144.19272111621666,140.9871327315936,142.7177546502144,69246000
2022-11-29,138.81399536132812,142.39324637035057,138.00768824052855,141.88192051073784,83763800
2022-11-30,145.5595245361328,146.23801151936658,138.20436253781247,139.04016787618127,111380900
2022-12-01,145.83485412597656,146.64117635966434,144.1632284025417,145.7365320270306,71250400
2022-12-02,145.3431854248047,145.5300169012177,143.21923022579475,143.52406921601985,65447400
2022-12-05,144.18287658691406,148.40127358572423,143.33722864489778,145.30385037013258,68826400
2022-12-06,140.52496337890625,144.84169760083205,139.5514801929375,144.615540296504,64727200
2022-12-07,138.58787536621094,140.97731424983792,137.66356048798676,139.8170142991394,69721100
2022-12-08,140.2693328857422,141.12482380942538,138.7452125702619,139.98417924727298,62128300
2022-12-09,139.7875213623047,143.14061609699272,138.5485396692002,139.9645101732408,76097000
2022-12-12,142.07859802246094,142.08842573001988,138.70583381716978,140.3184631007223,70462700
2022-12-13,143.0422821044922,147.46718252429508,141.8328135242381,147.00502505789572,93886200
2022-12-14,140.8199920654297,144.21241242784126,138.80420126905452,142.92427726159215,82291200
2022-12-15,134.22198486328125,139.43353745953314,133.7598273780729,138.75505030022137,98931900
2022-12-16,132.26516723632812,135.35276341025192,131.49818579850947,134.40879318099954,160156900
2022-12-19,130.16087341308594,132.94364536804903,129.12840885731634,132.8551509782634,79592600
2022-12-20,130.09202575683594,131.02616804412892,127.72224305650941,129.1972093009086,77432800
2022-12-21,133.18948364257812,134.52678732015247,130.5345467103143,130.76070405901197,85928000
2022-12-22,130.02322387695312,132.31434056379908,128.12544063659777,132.10785363301125,77852100
2022-12-23,129.6593780517578,130.21002976434445,127.47642661676507,128.73506338957282,63814900
2022-12-27,127.85994720458984,129.2169213883547,126.57181200307966,129.1874232542848,69007800
2022-12-28,123.9365234375,128.8432433891337,123.76936236246999,127.505939784758,85438400
2022-12-29,127.44696044921875,128.30243635978945,125.59833816334043,125.85399366425621,75703700
2022-12-30,127.76163482666016,127.78130525456132,125.30336398599484,126.267012397258,77034200
2023-01-03,122.98271942138672,128.7154174535332,122.09773792777466,128.10576937065363,112117500
2023-01-04,124.25118255615234,126.51280092971427,122.9925456360047,124.77233620258212,89113600
2023-01-05,122.93356323242188,125.6376690392261,122.67790772126833,125.0083504698081,80962700
2023-01-06,127.45674896240234,128.11556543857432,122.80569279245623,123.90700365718236,87754700
2023-01-09,127.9779281616211,131.18353181246084,127.72227268810083,128.2925949020793,70790800
2023-01-10,128.54824829101562,129.06940194282927,125.98180587179891,128.08609090104719,63896200
2023-01-11,131.26219177246094,131.28184718963053,128.28276062052532,129.05956971451124,69458900
2023-01-12,131.1835174560547,132.0193227611732,129.24639368399414,131.64567480294028,71379600
2023-01-13,132.51097106933594,132.66830441383743,129.4627162913207,129.82653652186355,57809700
2023-01-17,133.6713104248047,134.99877137842552,131.89151977321038,132.5798345273993,63646600
2023-01-18,132.9534912109375,136.29674271738915,132.7764874230637,134.53662257229425,69672800
2023-01-19,133.01251220703125,133.9761529962307,131.5375453850544,131.84236946093412,58280400
2023-01-20,135.56907653808594,135.71658218378784,131.97999755468973,133.02230476612493,80223600
2023-01-23,138.75503540039062,140.92815961902411,135.59860004292767,135.81492969380113,81760300
2023-01-24,140.1513214111328,140.77081216801105,137.95854199183503,137.9683697007518,66435100
2023-01-25,139.49252319335938,140.05300275817604,136.49342112366645,138.53871015801215,65799300
2023-01-26,141.55747985839844,141.8426334902846,139.53184628445516,140.78065564701856,54105100
2023-01-27,143.49459838867188,144.77290596887224,140.69217042868402,140.7708371263728,70555800
2023-01-30,140.61349487304688,143.12094131391822,140.46600420175812,142.54079133466578,64015300
2023-01-31,141.8819580078125,141.93112656571586,139.90550801485074,140.31849689379183,65874500
2023-02-01,143.00291442871094,144.16322923439725,138.96152054070433,141.56728874190614,77663600
2023-02-02,148.30294799804688,148.65692549625814,145.69716527119672,146.4149779827907,118339000
2023-02-03,151.92153930664062,154.7534795979514,145.36285717719954,145.55951636317744,154357300
2023-02-06,149.19778442382812,150.54493079230497,148.26364190831887,150.02377712562708,69858300
2023-02-07,152.0690460205078,152.63936822302708,148.12597415973434,148.12597415973434,83322600
2023-02-08,149.3845977783203,152.00020850727236,148.64711456554969,151.31189384284664,64120100
2023-02-09,148.35215759277344,151.75442098443708,147.90967054867934,151.21359681759392,56007100
2023-02-10,148.71652221679688,149.04151212756338,146.95371454850684,147.19007494553122,57450700
2023-02-13,151.51341247558594,151.91717418893083,148.62790397291747,148.65744714640496,62199000
2023-02-14,150.87326049804688,151.43461079325414,148.56880303013764,149.8096612758476,61707600
2023-02-15,152.97093200683594,153.13834833360136,150.55814431502776,150.7846469892343,65573800
2023-02-16,151.37551879882812,153.95572244720177,151.02098573800205,151.17854429955682,68167900
2023-02-17,150.233154296875,150.6763169294936,148.55897600306773,150.03619479649413,59144100
2023-02-21,146.22496032714844,149.00213887625634,146.15603126407484,147.9188390818426,58867200
2023-02-22,146.64842224121094,147.67262055430007,144.9250004924314,146.60902132895072,51011300
2023-02-23,147.13099670410156,148.05672295415894,145.0038129046831,147.81051980369892,48394200
2023-02-24,144.48184204101562,144.9545478123535,143.50687229977612,144.87576101262292,55469600
2023-02-27,145.67344665527344,146.90446214048941,145.21058363066865,145.46664446890208,44998500
2023-02-28,145.1712188720703,146.81585399639758,144.60002580056587,144.81668575965537,50547000
2023-03-01,143.10308837890625,144.9939263960711,142.80764165155819,144.60000744430354,55479000
2023-03-02,143.6939697265625,144.48182259076125,141.71448733904464,142.18720807379,52238100
2023-03-03,148.7362060546875,148.8149928448926,145.0924034132026,145.79161175732688,70732300
2023-03-06,151.4937286376953,153.92621703534178,151.12935277334321,151.45432771735832,87558000
2023-03-07,149.2975311279297,151.69061749037596,148.8346682054165,151.36562767071513,56182000
2023-03-08,150.54827880859375,151.13917230662574,149.52408044265695,150.48919246419973,47204800
2023-03-09,148.30291748046875,152.19292402611515,147.94838436334126,151.22781194000862,53833600
2023-03-10,146.24465942382812,148.64760438030467,145.3681768808884,147.92869544727571,68572400
2023-03-13,148.1847381591797,150.81418573238946,145.45680332509693,145.56513330123872,84457100
2023-03-14,150.2725372314453,151.07023295988367,147.82036369988242,148.98243524821328,73695900
2023-03-15,150.6664581298828,150.92250395033966,147.64307677577528,148.8937927615987,77167900
2023-03-16,153.48301696777344,154.08375312665916,149.33695019463687,149.84905684492745,76161100
2023-03-17,152.6459197998047,154.35949876084172,151.93685367986137,153.70951897971963,98944600
2023-03-20,155.0094451904297,155.4230795673691,151.80880531492744,152.7148458265595,73641400
2023-03-21,156.8609161376953,156.9790888157361,154.1625247817563,154.93069227015488,73938300
2023-03-22,155.43295288085938,159.67749219321786,155.41325242402124,156.88062840402722,75701800
2023-03-23,156.5162353515625,159.0964541870748,155.28521978995877,156.41776312286146,67622100
2023-03-24,157.81619262695312,157.90482213956633,155.45264879499626,156.44730394409444,59196500
2023-03-27,155.87611389160156,158.32830230982592,155.47233717929535,157.5109061704178,52390300
2023-03-28,155.25567626953125,156.0829301456233,153.6110412861723,155.57082346557496,45992200
2023-03-29,158.3282928466797,158.60403911493316,156.92986104995282,156.94954647836764,51305700
2023-03-30,159.89413452148438,160.0024644815908,158.82069266127598,159.07673846378026,49501700
2023-03-31,162.3955535888672,162.4940408365555,159.45097422374334,159.9729235769942,68749800
2023-04-03,163.64625549316406,163.76442815863666,161.7258745440201,161.775118163648,56976200
2023-04-04,163.11448669433594,164.30610131295074,162.60238002597387,164.06975594835677,46278300
2023-04-05,161.27285766601562,162.54327395468036,159.3426339632527,162.23798454444034,51511700
2023-04-06,162.1592559814453,162.45470278445305,159.53965070291807,159.96311293315853,45390100
2023-04-10,159.5691680908203,159.5691680908203,157.6487867222166,158.96843186504725,47716900
2023-04-11,158.35784912109375,159.89415417908276,158.07224508795338,159.88431146406083,47644200
2023-04-12,157.6685028076172,159.5987270827998,157.35335556356011,158.77148810772155,50133100
2023-04-13,163.04554748535156,163.28190788405584,158.96842452673738,159.1752417539843,68445600
2023-04-14,162.70086669921875,163.794009087704,161.33197803499354,162.09027277975596,49386500
2023-04-17,162.72055053710938,162.8781241294329,161.53877864877254,162.5826774005875,41516200
2023-04-18,163.9417266845703,164.8674527745674,163.13417327770642,163.5773508935462,49923000
2023-04-19,165.0841064453125,165.60605581206516,163.0258371209191,163.28189796071484,47720200
2023-04-20,164.11900329589844,165.3204757933169,163.04556123695718,163.56751067945328,52456400
2023-04-21,162.51373291015625,163.92200731179602,161.99178358382397,162.54327607753027,58337300
2023-04-24,162.81903076171875,163.08493430890758,161.40089854610392,162.49404087672,41949600
2023-04-25,161.2827606201172,163.78417796430023,161.2433597017252,162.68119268208375,48714100
2023-04-26,161.27285766601562,162.76977657727082,160.32744626830737,160.58349205788602,45498800
2023-04-27,165.85226440429688,165.9999802574992,162.6811671878293,162.6811671878293,64902300
2023-04-28,167.10293579101562,167.27036709773776,165.33028575815172,165.9310218332577,55275900
2023-05-01,167.01437377929688,167.8613132597454,166.07880476680162,166.7090842619925,52472900
2023-05-02,165.9802703857422,167.76279339985444,164.99545801480568,167.50673256610264,48425700
2023-05-03,164.90684509277344,168.32414556576836,164.6212560883793,166.925713661642,65136000
2023-05-04,163.27203369140625,164.50304913491388,161.8145156138655,162.38570858289833,81235400
2023-05-05,170.9338836669922,171.65279246173276,168.16654839153733,168.38320830672657,113453200
2023-05-08,170.86495971679688,171.20965008439242,169.49607101524845,169.86044681233003,55962800
2023-05-09,169.1612548828125,170.90436226614003,168.9938385535857,170.42181373691182,45326900
2023-05-10,170.924072265625,171.38693538928501,169.289279744913,170.39228007410486,53724500
2023-05-11,171.11114501953125,171.9383837832071,169.55513971049686,171.2096322648924,49514700
2023-05-12,170.18414306640625,171.6535334613317,168.63584185680983,171.2196142676148,45533100
2023-05-15,169.6910858154297,170.815324358024,169.09937498339835,170.76601261404946,37266700
2023-05-16,169.6910858154297,170.74628490689332,169.42481443623242,169.61219003463674,42110300
2023-05-17,170.302490234375,170.53916250241704,168.06386972955488,169.3360433616003,57951600
2023-05-18,172.6298828125,172.8172584115987,170.1940301198803,170.60822168470452,65496700
2023-05-19,172.7383575439453,173.95134816577144,172.5213979143073,173.95134816577144,55809500
2023-05-22,171.7916259765625,172.2945846931845,171.0519949677244,171.57466634347682,43570900
2023-05-23,169.1881103515625,170.9829553293692,168.9119826700276,170.7364116817252,50747300
2023-05-24,169.46424865722656,170.03623176135926,168.16250594092847,168.72461766792532,45143500
2023-05-25,170.5983428955078,171.4957503105663,169.3163129553576,170.02635984381527,56058300
2023-05-26,173.00462341308594,173.33993425328168,170.71670589408566,170.92380920574092,54835000
2023-05-30,174.84877014160156,176.51540772383512,174.1288668535482,174.51347436884586,55964400
2023-05-31,174.79946899414062,176.8704419237823,174.31623796446905,174.87836477742368,99625300
2023-06-01,177.6001739501953,177.62975798334406,174.4838587106697,175.24321733975688,68901800
2023-06-02,178.4482879638672,179.2668146743205,176.78165050926717,178.52718373632618,61996900
2023-06-05,177.0972137451172,182.3929658521557,175.57849662924414,180.10504889865823,121946500
2023-06-06,176.73239135742188,177.62979898311937,174.9769863810525,177.48187878323327,64848400
2023-06-07,175.36160278320312,178.70473461267676,174.86851540394252,175.97302631817985,61944600
2023-06-08,178.07354736328125,178.3398036598064,175.00654388250445,175.44044804834044,50214900
2023-06-09,178.4581756591797,179.71060666093933,178.13273621096323,178.99070336218668,48900000
2023-06-12,181.2490234375,181.34764691680866,178.468018885392,178.7638742754878,54274900
2023-06-13,180.77566528320312,181.60404834381112,179.91769818813273,180.2727216495119,54929100
2023-06-14,181.4068145751953,181.84073380664427,179.50350482104812,180.83483150172444,57462900
2023-06-15,183.43833923339844,183.94129793003785,181.23917400121888,181.4166932611595,65433200
2023-06-16,182.36341857910156,184.4048073735327,181.7224110612984,184.14839232814637,101256200
2023-06-20,182.45216369628906,183.52710548415504,181.86046794433722,181.86046794433722,49799100
2023-06-21,181.4167022705078,182.84665255889604,180.06563271508736,182.34369383727915,49515700
2023-06-22,184.41465759277344,184.46396933431626,181.13069423738702,181.19973368511316,51245300
2023-06-23,184.09906005859375,184.96689848868263,182.45215034536935,182.98469303577104,53117000
2023-06-26,182.70858764648438,185.45015206010262,182.66913223239737,184.2470177435845,48088700
2023-06-27,185.4600067138672,185.78544616190248,183.10304984582174,183.32000947784528,50730800
2023-06-28,186.63356018066406,187.2745677103686,185.00637796044083,185.33180236622022,51216800
2023-06-29,186.9688262939453,187.4422009047134,186.32781886596203,186.4658826988121,46347300
2023-06-30,191.28829956054688,191.79124321876165,188.61575961709715,188.98065447297634,85213200
2023-07-03,189.79916381835938,191.19952989799955,189.10882958307744,191.10090642215079,31458200
2023-07-05,188.68478393554688,190.311965971159,187.98459336367247,188.92147125163748,46920300
2023-07-06,189.1581573486328,189.36526064633148,186.5842409083175,187.21539208287066,45094300
2023-07-07,188.04379272460938,190.00628587990153,187.60988847797856,188.76371112125616,46815000
2023-07-10,186.0023956298828,187.36332142042107,184.4540942539423,186.6434031135775,59922200
2023-07-11,185.47972106933594,186.68285528837708,184.02018687082855,186.5447914459214,46638100
2023-07-12,187.1463623046875,189.04967210294507,185.86433228601203,187.05759515232103,60750200
2023-07-13,187.9056854248047,188.5467078881079,187.15619821079162,187.86624506525828,41342300
2023-07-14,188.05364990234375,188.53686585918993,187.00830716161786,187.6000029338883,41616200
2023-07-17,191.30801391601562,191.63345333608896,189.15814548736353,189.24689758888442,50520200
2023-07-18,191.05160522460938,191.64331601668746,189.75971887799713,190.6768691009351,48288200
2023-07-19,192.40267944335938,195.48939585264796,189.9865395225249,190.4303301514657,80507300
2023-07-20,190.45989990234375,193.75371936128715,189.83860510668907,192.39279363664537,59581200
2023-07-21,189.28634643554688,192.2744541324422,188.58615588066942,191.4164870851642,71951700
2023-07-24,190.08517456054688,192.2153155367517,189.59208720760122,190.73605347791477,45377800
2023-07-25,190.943115234375,191.75178560391285,190.2527960456413,190.65713123041024,37283200
2023-07-26,191.81094360351562,192.93518195125802,190.64726489612826,190.99241694846552,47471900
2023-07-27,190.5486602783203,194.47363103189025,189.8879250921341,193.3099522093675,47460200
2023-07-28,193.1226043701172,193.91154718487954,191.45596662398776,191.97863804110338,48291400
2023-07-31,193.73397827148438,193.7734336784224,192.560428204252,193.3493708168966,38824100
2023-08-01,192.9055938720703,194.0101044929012,192.58015448246934,193.52688862020202,35175100
2023-08-02,189.91751098632812,192.48155598125388,189.19760772385698,192.3434921357412,50389300
2023-08-03,188.52700805664062,189.71041463976601,188.0536484329567,188.92148694956984,61235200
2023-08-04,179.47390747070312,184.78938756590674,179.4048680308995,182.95510234495143,115956800
2023-08-07,176.37734985351562,180.59817633552169,174.8980878140883,179.61200164257014,97576100
2023-08-08,177.314208984375,177.77771228390873,175.12490000933562,177.20572916857282,67823000
2023-08-09,175.72645568847656,178.42856448196,174.56276182695083,178.3693964131728,60378500
2023-08-10,175.5094757080078,178.25103959448677,175.1445959609342,176.99859377509202,54686900
2023-08-11,175.5687255859375,176.38835756307438,174.34422750725284,175.10461152163393,52036700
2023-08-14,177.2178955078125,177.44501774834183,175.09474782272636,175.74650562753334,43675600
2023-08-15,175.23297119140625,177.2376075606865,174.83797474088598,176.64511288490613,43622600
2023-08-16,174.36399841308594,176.30937200366554,174.29486573787133,174.91699954220002,46964900
2023-08-17,171.8260955810547,175.29223725703497,171.31258808782235,174.9268647491592,66062900
2023-08-18,172.30999755859375,172.9123770667114,169.8116075662743,170.14735612669347,61172200
2023-08-21,173.6431121826172,173.92949746098708,171.56935789788312,172.88274314562352,46311900
2023-08-22,175.0157470703125,175.46012191641384,174.04799506153495,174.8478727981476,42038900
2023-08-23,178.85711669921875,179.28175219727777,176.1019810531239,176.28960964053493,52722800
2023-08-24,174.17637634277344,178.8374075605793,173.8109887437673,178.41277199096436,54945800
2023-08-25,176.37847900390625,176.91172570988553,173.62334339807447,175.1638506244018,51449600
2023-08-28,177.9387664794922,178.33376298082638,176.31925671498092,177.8400098200833,43820700
2023-08-29,181.81967163085938,182.5899254092932,177.25739693272806,177.45489519701718,53003900
2023-08-30,185.3055419921875,185.50305529692773,182.43191025327192,182.62940848986258,60813900
2023-08-31,185.52281188964844,186.75719481874472,185.13768501849643,185.4931879048022,60794500
2023-09-01,187.0929412841797,187.54718572230075,185.92767607044595,187.1225652663115,45766500
2023-09-05,187.32994079589844,187.6064413525269,185.26605625958229,185.92768366781115,45280000
2023-09-06,180.62478637695312,186.4905763861184,179.20277485131902,186.04618648324464,81755800
2023-09-07,175.34161376953125,175.98350189646143,171.37183427986267,172.99134398653018,112488800
2023-09-08,175.95388793945312,177.9881638364286,175.56876103562882,176.121777292026,65551300
2023-09-11,177.11915588378906,178.0474143493556,175.12438865362392,177.82029208697838,58953100
2023-09-12,174.0973663330078,177.87951732730735,172.6358612060169,177.24751388848827,90370200
2023-09-13,172.0334930419922,175.0848841389881,171.80635572558617,174.30474566083996,84267900
2023-09-14,173.54437255859375,173.89987544974738,171.41135521167203,171.82610607332606,60895800
2023-09-15,172.823486328125,174.29487626046748,171.64836639188815,174.27512191376346,109259500
2023-09-18,175.74649047851562,177.13887792290447,173.9689761950564,174.2751007250675,67257600
2023-09-19,176.83274841308594,177.38574949277796,174.91698390976052,175.30211073798526,51826900
2023-09-20,173.2974853515625,177.45487842056565,173.20859833310675,177.0203732393163,58436200
2023-09-21,171.75697326660156,174.09737357666756,171.68785565712008,172.36923745366522,63149100
2023-09-22,172.60621643066406,174.86761425499944,171.87547142547365,172.48772049861157,56725400
2023-09-25,173.88011169433594,174.75899170155245,171.97421669351675,172.02359502231215,46172700
2023-09-26,169.8115997314453,173.01111068359924,169.51534481079926,172.63586851438868,64588900
2023-09-27,168.30072021484375,170.87811270067803,166.93797153448685,170.46336179203436,66921800
2023-09-28,168.55746459960938,169.8807195182162,165.5258128129139,167.2243249736919,56294400
2023-09-29,169.0709686279297,170.90773103963988,168.21182785802986,169.87084635964763,51861100
2023-10-02,171.57923889160156,172.12237043121976,168.79446358018748,169.08084887750982,52164500
2023-10-03,170.24609375,171.46073744550782,168.6858469308082,170.1078434596355,49594600
2023-10-04,171.49032592773438,172.03345733749015,168.83393190668662,168.95242782585208,53020300
2023-10-05,172.7247314453125,173.2579782200924,170.52258153582127,171.61871413723316,48527900
2023-10-06,175.27249145507812,175.76624458491796,171.016326818613,171.6285909459562,57266700
2023-10-09,176.75375366210938,176.81300162773064,173.60360623261292,174.60098214625398,42390800
2023-10-10,176.16123962402344,177.4746247468579,175.72673446240606,175.87486944103904,43698000
2023-10-11,177.55361938476562,177.60299770884345,175.38110873868183,175.9736034231689,47551100
2023-10-12,178.45228576660156,180.0619109305439,176.80313684087554,177.8202822818536,56743100
2023-10-13,176.6155242919922,179.65703072033497,175.91438812346496,179.15340788479125,51427100
2023-10-16,176.48712158203125,176.84262444155877,174.3047260977915,174.5417330268598,52517000
2023-10-17,174.93673706054688,176.19087429527403,172.61610626933813,174.44298390478113,57549400
2023-10-18,173.6431121826172,175.36137864838344,172.9222367694585,173.3863659573123,54764400
2023-10-19,173.2678680419922,175.61812287122567,173.00123711265553,173.84060845589931,59302900
2023-10-20,170.72010803222656,173.2283676109075,170.48310107616433,173.11974130623128,64244000
2023-10-23,170.8385772705078,171.83595313524123,167.80692592091492,168.77469287243957,55980100
2023-10-24,171.27310180664062,171.50022404547477,169.30795876796012,170.88797493724758,43816600
2023-10-25,168.96234130859375,170.89784530264086,168.51795139973865,169.73259505065448,57157000
2023-10-26,164.80494689941406,169.23885617849143,163.6001878537521,168.24146504420852,70625300
2023-10-27,166.11831665039062,166.8490767618186,164.7456834493569,164.82468576422622,58499100
2023-10-30,168.16244506835938,169.03145545417337,166.7601878982554,166.90832288755587,51131000
2023-10-31,168.63650512695312,168.76487073771403,165.80235095834055,167.23424757289493,44846000
2023-11-01,171.7964630126953,172.0532092124064,167.99455793411695,168.86356825336904,56934900
2023-11-02,175.3515167236328,175.55888462715336,173.26787764016203,173.32712561259646,77334800
2023-11-03,174.44296264648438,174.61085195895754,171.18420427007575,172.06308417750907,79829200
2023-11-06,176.99073791503906,177.18823614800198,174.00847994055556,174.17635419198152,63841300
2023-11-07,179.5484161376953,180.1606652677133,176.7340169447808,176.94138484513783,70530000
2023-11-08,180.6050262451172,181.15802736111343,179.32126504404005,180.07177947416378,49340300
2023-11-09,180.1310577392578,181.8196853547634,179.53854783351557,180.67418930816274,53763500
2023-11-10,184.3136749267578,184.48178544542026,181.475802800193,181.9108804268445,66133400
2023-11-13,182.73159790039062,183.94782669363863,182.1482051958573,183.74018560328048,43627500
2023-11-14,185.34205627441406,186.0045554032819,184.21481647353394,185.59914075952597,60108400
2023-11-15,185.90565490722656,187.3789832148446,185.67823345303117,185.7474572062222,53790500
2023-11-16,187.58665466308594,188.82266388785246,186.5385061665612,187.4482222334322,54412900
2023-11-17,187.56686401367188,188.24914348244,186.4594046371221,188.12059370194675,50922700
2023-11-20,189.30715942382812,189.7620174322178,187.75473976876387,187.76462241033667,46505100
2023-11-21,188.50624084472656,189.37639617894334,187.61632022600733,189.26762676216626,38134500
2023-11-22,189.168701171875,190.7705639920827,188.69407794514686,189.34669431189826,39617700
2023-11-24,187.84373474121094,188.76331834061182,187.13179223741543,188.7336553269539,24048300
2023-11-27,187.66574096679688,188.5358962659671,186.7857030257735,187.79429075090235,40552600
2023-11-28,188.2689208984375,188.94131776896225,187.28011350908017,187.65586514519703,38415400
2023-11-29,187.25042724609375,189.9399842182602,186.85491037465812,188.7633011569372,43014200
2023-11-30,187.82394409179688,188.18981305356235,186.08364867108205,187.71517468500207,48794400
2023-12-01,189.09951782226562,189.4159283197641,187.11200544734405,188.19969953750024,45704800
2023-12-04,187.30975341796875,187.92282418358675,185.35191925319242,187.85360043262926,43389500
2023-12-05,191.25509643554688,192.2241233156588,188.05135551468544,188.081033613139,66628400
2023-12-06,190.1674346923828,192.58011192579394,189.95977851245675,192.27358406476233,41089700
2023-12-07,192.09559631347656,192.81742141001197,191.42319951100376,191.46276025185608,47477700
2023-12-08,193.51947021484375,193.79633503305183,191.50229501018384,192.0263616366492,53406400
2023-12-11,191.0177764892578,191.32431940935732,189.2774811684409,190.94856782781682,60943700
2023-12-12,192.53067016601562,192.54055280703432,189.57413099725628,190.9189094878757,52696900
2023-12-13,195.74429321289062,195.7838388648497,192.66910200901862,192.90640609677627,70404200
2023-12-14,195.8926239013672,197.3857175620074,193.964452594447,195.8036348613561,66831600
2023-12-15,195.35865783691406,196.17935458626624,194.79503045579114,195.3190970971854,128538400
2023-12-18,193.69747924804688,194.42920214917604,192.21426816132805,193.89523770867535,55751900
2023-12-19,194.7357177734375,194.7456004150459,193.69746706046115,193.96444926391277,40714100
2023-12-20,192.6493377685547,195.46742966263125,192.6493377685547,194.69616113684165,52242800
2023-12-21,192.50096130371094,194.87410742508595,191.3341761539009,193.90508068005738,46482500
2023-12-22,191.43307495117188,193.22281352230834,190.8101216032956,192.99537700889314,37149600
2023-12-26,190.88926696777344,191.71986154255086,190.67172813799795,191.44299668429173,28919300
2023-12-27,190.98812866210938,191.33421726083122,188.95118798803827,190.33552729492325,48087700
2023-12-28,191.41334533691406,192.48125917871982,191.0079306668944,191.96707508718282,34049900
2023-12-29,190.3750457763672,192.22411038080966,189.5839970121992,191.7297067892047,42672100
2024-01-02,183.56219482421875,186.33085840634024,181.83178197139316,185.05528848269014,82488700
2024-01-03,182.18775939941406,183.79952025374087,181.37693010719954,182.15809638511382,58414500
2024-01-04,179.87393188476562,181.04071720671112,178.85546161628733,180.11123597031312,71983600
2024-01-05,179.152099609375,180.7144169560074,178.15340966673114,179.95304619735901,62379700
2024-01-08,183.4830780029297,183.52263874374273,179.46852282651062,180.0519155054874,59144500
2024-01-09,183.06777954101562,183.07766218215258,180.68475037086026,181.86143345023166,42841800
2024-01-10,184.10604858398438,184.31368968460146,181.86145160567418,182.28664662503843,46792900
2024-01-11,183.51275634765625,184.9564217479187,181.56480461990643,184.45212033242825,49128400
2024-01-12,183.83905029296875,184.64987951630312,183.11722519297732,183.97748271061099,40477800
2024-01-16,181.57467651367188,182.19761480887055,178.90488492167398,180.1211286782067,65603000
2024-01-17,180.63531494140625,180.8825167727283,178.281963767062,179.24110807963172,47317400
2024-01-18,186.5187225341797,187.02300881659582,183.75005912545993,184.0071435872404,78005800
2024-01-19,189.4159393310547,189.80157360580037,186.70661676571424,187.21090309791916,68903000
2024-01-22,191.71983337402344,193.14371820043874,190.1080727596782,190.14763349819026,60133900
2024-01-23,192.9954071044922,193.55903452389106,191.66052626402544,192.83720939883855,42355600
2024-01-24,192.32301330566406,194.18197579456825,192.16480052192722,193.23271418014866,53631300
2024-01-25,191.9967041015625,194.07320538533628,190.9485708187439,193.0349547434494,54822100
2024-01-26,190.2663116455078,192.58011726192578,189.79168833424328,192.09561130867766,44594000
2024-01-29,189.58404541015625,190.04878611194624,187.45811545873704,189.86091028509443,47145600
2024-01-30,185.93531799316406,189.65324309628332,185.37170567810733,188.80286821503816,55859400
2024-01-31,182.3360595703125,185.00585134318092,182.28663127585358,184.94651023142666,55467800
2024-02-01,184.76852416992188,184.857513201702,181.7625567551165,181.93065217781273,64885400
2024-02-02,183.76983642578125,185.2332669548565,177.24370243482153,177.84687547061628,102551700
2024-02-05,185.57936096191406,187.13179578344227,183.75995901240586,186.04410163536497,69668800
2024-02-06,187.1812286376953,187.19111127921153,184.67954732588265,184.76853636353553,43490800
2024-02-07,187.28997802734375,188.91162125480523,186.49892923853312,188.5062066759397,53439000
2024-02-08,186.21221923828125,187.41855040104747,185.25307484073457,187.27023532431497,40962000
2024-02-09,186.9745330810547,188.10321111496148,186.13296840440984,186.77650719907678,45155200
2024-02-12,185.29139709472656,186.79630612181433,184.93497167008087,186.5487888854563,41781900
2024-02-13,183.20236206054688,184.360756090923,181.68755769129083,183.92512331150874,56529500
2024-02-14,182.32122802734375,183.68752828939827,180.62821823999963,183.47962222785034,54630500
2024-02-15,182.03407287597656,182.65782113209212,179.54900531664387,181.7271539268571,65434500
2024-02-16,180.49948120117188,183.0142649801448,179.86583763061847,181.59845842120637,49752500
2024-02-20,179.75694274902344,180.6182980286837,178.2124373755958,179.98465441119404,53665600
2024-02-21,180.5093994140625,181.0737309260645,178.86588113831095,180.13316833455778,41371400
2024-02-22,182.5390167236328,183.12316891523534,180.6479964148563,181.65785591778803,52292200
2024-02-23,180.70741271972656,183.20237592421455,180.42028422645075,183.17267506039363,45119700
2024-02-26,179.36090087890625,180.94500218994074,178.8559560281093,180.43017719516277,40867400
2024-02-27,180.8162841796875,182.09346638622006,177.7767654701203,179.30148000361888,54318900
2024-02-28,179.6183319091797,181.30144633523983,178.34114943443706,180.69750358801915,48953900
2024-02-29,178.9550018310547,180.75693496542868,177.74711623943745,179.46984202762675,136682600
2024-03-01,177.8758087158203,178.73716395290236,175.61845249589473,177.76690051629518,73563100
2024-03-04,173.36109924316406,175.14321147352493,172.06409607852763,174.4006596751229,81510100
2024-03-05,168.43051147460938,170.33144189377032,167.93547703918458,169.064154947663,95132400
2024-03-06,167.44046020507812,169.53941670485264,167.00482743895031,169.36119643359416,68587700
2024-03-07,167.32167053222656,169.0344857697736,166.81674075207243,167.47017484778516,71765100
2024-03-08,169.03448486328125,171.9749911536114,167.26226790901475,167.32166963491963,76267000
2024-03-11,171.03443908691406,172.6482565736913,170.34139373001014,171.2225546353428,60139500
2024-03-12,171.50965881347656,172.3017170819102,169.31170429451927,171.43045147590772,59825400
2024-03-13,169.43052673339844,171.4700666239107,169.06419090034882,171.05423942259554,52488700
2024-03-14,171.2819366455078,172.57892461566286,170.34137411890524,171.1928340614332,72913500
2024-03-15,170.90570068359375,170.90570068359375,168.5988381717502,169.47010369924573,121752700
2024-03-18,171.9947967529297,175.94517770513775,171.7967859641753,173.82643054023092,75604200
2024-03-19,174.3313446044922,174.85607994565953,171.31163124958826,172.6086191723699,55215200
2024-03-20,176.89564514160156,176.89564514160156,173.35119593354977,173.97494430389506,53423100
2024-03-21,169.66812133789062,175.72735394947048,169.14338597139206,175.29172116809335,106181300
2024-03-22,170.56910705566406,171.33146450930536,168.37115239719608,170.05426688241553,71160100
2024-03-25,169.1533203125,170.23249206020807,167.76721443821097,168.87610215909345,54288300
2024-03-26,168.0246124267578,169.71762191427138,167.89589862566189,168.3117257823714,57388400
2024-03-27,171.5888671875,171.87599567632833,168.42064920188324,168.71767294274684,60273300
2024-03-28,169.7770233154297,170.51957504542207,168.8166552027259,170.04434616825796,65672700
2024-04-01,168.34144592285156,169.54933141950085,167.79690490268092,169.48992969134684,46240500
2024-04-02,167.16326904296875,167.65830361021796,166.55932626663449,167.40089107386055,49329500
2024-04-03,167.9652099609375,168.98497988400436,166.90584392266877,167.11374996517486,47691700
2024-04-04,167.1434783935547,170.2126836435028,167.1434783935547,168.59886612133832,53704400
2024-04-05,167.89590454101562,168.69785802201392,167.27215623034843,167.90579979250484,42104800
2024-04-08,166.7771453857422,167.51969724864153,166.56923932419392,167.35138730592178,37425500
2024-04-09,167.9850311279297,168.3909631058002,166.6781477036779,167.02466284236104,42373800
2024-04-10,166.11376953125,167.41075745661644,165.4504251384005,167.12364410431726,49709300
2024-04-11,173.3016815185547,173.7175238179071,166.49001666248702,166.66822184170525,91070300
2024-04-12,174.7967071533203,176.58872985356905,172.47994902506244,172.52944039553972,101670900
2024-04-15,170.97503662109375,174.8759113224836,170.7869210734751,173.61851932570818,73531800
2024-04-16,167.69790649414062,172.0343988146065,166.59892920522176,170.04436539186383,73711200
2024-04-17,166.3316192626953,168.95529649982927,166.3316192626953,167.92563121825307,50901200
2024-04-18,165.38111877441406,166.96523521407434,164.8959946340493,166.36129252101995,43122900
2024-04-19,163.3613739013672,164.74746436429578,162.45051229612085,164.55936395716853,68149400
2024-04-22,164.1930389404297,165.59893510418706,163.13367296874276,163.8762247169617,48116400
2024-04-23,165.24252319335938,165.39104261951863,163.28219064755024,163.70792820716713,49537800
2024-04-24,167.3414764404297,167.6186945681344,164.55938480415762,164.88609429896647,48251800
2024-04-25,168.2028350830078,168.9156860278579,166.4801094484109,167.84640961058278,50558300
2024-04-26,167.61868286132812,169.63841695172266,167.49986430971396,168.19292468782604,44838400
2024-04-29,171.7769775390625,174.28185098854456,171.38095596804143,171.64826373021612,68169400
2024-04-30,168.63844299316406,173.25216784182598,168.3117184327478,171.6086497890361,65934800
2024-05-01,167.61868286132812,170.9948217396029,167.43056733625505,167.8959009696714,50383100
2024-05-02,171.3116455078125,171.69777183075684,169.19289835753364,170.79680537480178,94214900
2024-05-03,181.5588836669922,185.14292911827533,180.84603267784937,184.7963988764884,163224100
2024-05-06,179.90545654296875,182.3707188474722,178.62825898838415,180.53910014061182,78569700
2024-05-07,180.58859252929688,183.06376520709566,179.51933122687228,181.6281680754234,77305800
2024-05-08,180.9252166748047,181.25194126160505,179.64801918938014,181.0341248704048,45057100
2024-05-09,182.73707580566406,182.8261784061232,180.30149897565002,180.74702708520252,48983000
2024-05-10,181.4779510498047,183.50042466657956,180.56585391849484,183.3120539854214,50759500
2024-05-13,184.68019104003906,185.4931559868038,183.03444380225457,183.84740874901934,72044800
2024-05-14,185.82032775878906,186.68286641073877,184.69011878206607,185.89964252722956,52393600
2024-05-15,188.09068298339844,189.01268886802714,185.76085876781028,186.2962297111884,70400000
2024-05-16,188.2096405029297,189.458829238671,188.03119361367854,188.83423487080034,52845200
2024-05-17,188.2393798828125,189.1713095252472,187.55530322495105,187.8824709799172,41282900
2024-05-20,189.3993377685547,190.2717851507536,187.38677266186554,187.70403175639103,44361300
2024-05-21,190.69808959960938,191.07481584379752,189.28036268210627,189.44890089382775,42309400
2024-05-22,189.26052856445312,191.16405275409193,188.63594934473116,190.61877317517173,34648500
2024-05-23,185.27505493164062,189.35966699130785,185.0272019643745,189.33983451815809,51005900
2024-05-24,188.34844970703125,188.94330296502375,186.4251079843019,187.1984232707908,36327000
2024-05-28,188.35833740234375,191.34248153890573,187.47598148636735,189.86527247896473,52280100
2024-05-29,188.65579223632812,190.59896650948673,187.88249204796585,187.98163930401122,53068000
2024-05-30,189.64718627929688,190.52954231443272,188.99286588586446,189.12173915319045,49889100
2024-05-31,190.5989227294922,190.916181773766,188.27902269727937,189.7958815743219,75158300
2024-06-03,192.3636474609375,193.31540952983562,190.86662095571478,191.24334718637152,50080500
2024-06-04,192.680908203125,193.64257895328527,191.37223723797064,192.96841099700254,47471400
2024-06-05,194.18785095214844,195.20900403542353,193.19643901671662,193.72188613227584,54156800
2024-06-06,192.80978393554688,194.81244022862765,192.50244866402238,194.0093990023229,41181800
2024-06-07,195.1990966796875,195.24867030234284,192.47271383884646,192.97832848334124,53103900
2024-06-10,191.46145629882812,195.60556579928584,190.49978557066368,195.20899197297106,97010200
2024-06-11,205.37098693847656,205.38091074009856,191.96710777388114,191.98692512163242,172373300
2024-06-12,211.24014282226562,218.30889945026047,205.1231180281253,205.58908283581826,198134300
2024-06-13,212.40008544921875,214.88852380834695,209.782758705521,212.8957913864929,97862700
2024-06-14,210.6651153564453,213.32209192759066,209.48533280144244,212.01343611534222,70122700
2024-06-17,214.8092498779297,217.06966817138198,210.8931752545736,211.53758704443374,93728300
2024-06-18,212.4496612548828,216.75240063817128,211.1707464886947,215.72132373307375,79943300
2024-06-20,207.8792266845703,212.40007736780652,207.0563681724187,212.0927269910851,86172500
2024-06-21,205.70806884765625,210.07027533194446,205.33132746963062,208.58315742215362,241805100
2024-06-24,206.3524627685547,210.87329840415435,204.81577136869439,205.93607160503834,80727000
2024-06-25,207.27452087402344,209.56468024841507,206.8184646829133,207.35382052419757,55549700
2024-06-26,211.41860961914062,213.0147835489249,208.83102368645302,209.68363861405976,66213200
2024-06-27,212.2613067626953,213.88722177256454,210.5263358320774,212.8462361886446,49772700
2024-06-28,208.81117248535156,214.21437951883613,208.4939285392998,213.91695291908772,82542700
2024-07-01,214.8885498046875,215.64201747450758,210.10002805599396,210.26856627972688,60402900
2024-07-02,218.3782958984375,218.48735180877674,213.2526983679821,214.293668724795,58046200
2024-07-03,219.64730834960938,219.64730834960938,217.14894613859082,218.11061688690268,37369800
2024-07-05,224.3961639404297,224.5052198536283,219.7464397478406,219.7464397478406,60412400
2024-07-08,225.86346435546875,225.89320550199054,221.3327047505454,225.13972278278513,59085900
2024-07-09,226.71607971191406,227.42989753320916,224.4259205051531,225.97252074204383,48076100
2024-07-10,230.97915649414062,231.0783037422216,227.28119408246098,227.3307677065015,62627700
2024-07-11,225.61561584472656,230.39421338925845,223.83107137940016,229.40280147827102,64710600
2024-07-12,228.5601043701172,230.64207551688347,226.71607753741577,226.9540218514806,53046500
2024-07-15,232.386962890625,235.1926606193721,231.0882156126273,234.44910163171727,62631300
2024-07-16,232.80335998535156,234.24090427881208,230.33473879844306,232.98180687397965,43234300
2024-07-17,226.9143524169922,229.47219684306242,224.6935843942369,227.47944931340314,57345900
2024-07-18,222.25474548339844,228.46099458072425,220.36115997030524,228.30236502251043,66034600
2024-07-19,222.3836212158203,224.85224251867803,221.36246807560826,222.88925101284036,49151500
2024-07-22,222.03663635253906,225.82382229500527,221.17409763275575,225.06043082550624,48201800
2024-07-23,223.07760620117188,224.9910392063895,220.7676144514488,222.44310313331528,39960300
2024-07-24,216.66317749023438,222.86942645430565,215.2652980307627,222.07629380801336,61777600
2024-07-25,215.6221923828125,218.95333716975932,212.77682977395946,217.04981289629316,51391200
2024-07-26,216.08815002441406,217.6050090608147,214.15488466672127,216.8217851678197,41601300
2024-07-29,216.36573791503906,217.41663210574902,213.89711684474761,215.0967318967012,36311800
2024-07-30,216.92091369628906,218.43777260182014,214.26392209769764,217.30756370891964,41643800
2024-07-31,220.1727752685547,221.89783756706774,218.73523091700034,219.53827220377053,50036300
2024-08-01,216.48472595214844,222.55216258005441,215.15623749650504,222.44310665442717,62501000
2024-08-02,217.97183227539062,223.66254232334134,215.84030263063204,217.2679231335739,105568600
2024-08-05,207.47279357910156,211.6664621054212,194.3167520967801,197.3802115476467,119548600
2024-08-06,205.45030212402344,208.18660889381388,199.3432157724579,203.53688424769564,69660500
2024-08-07,208.01806640625,211.80525225793107,204.61751548926864,205.12313014700663,63516400
2024-08-08,211.4780731201172,212.36042911915672,207.03655197769595,211.27979376271134,47161100
2024-08-09,214.3829345703125,214.91829038971974,210.1496011292121,210.27848952903548,42201600
2024-08-12,215.91146850585938,217.8767320905019,213.9958359256548,214.4623401059105,38028100
2024-08-13,219.62364196777344,220.23902400333975,217.38044783379533,217.38044783379533,44155300
2024-08-14,220.07028198242188,221.37053243582614,218.06530765715263,218.9288446755302,41960600
2024-08-15,223.04794311523438,223.67326036559285,221.10252008370475,222.92884083716766,46414000
2024-08-16,224.3680877685547,225.1422830006272,221.98593577772976,222.25393109506462,44340200
2024-08-19,224.20925903320312,224.30852103873067,221.38045847347976,224.0405257400108,40687800
2024-08-20,224.8246307373047,225.4797235950926,223.77252016614798,224.09014645304697,30299000
2024-08-21,224.71548461914062,226.28373058529078,223.37553826276908,224.8346020684513,34765500
2024-08-22,222.85939025878906,226.64103964823346,222.23407290784718,226.09512887719345,43695300
2024-08-23,225.15219116210938,226.52192810531062,222.66087229355688,223.98097823318813,38677300
2024-08-26,225.48965454101562,225.58891654674125,222.22414052811973,225.0727813784282,30602200
2024-08-27,226.33334350585938,227.14724957253156,223.21670725505913,224.31844891527626,35934600
2024-08-28,224.80479431152344,228.14971479709,224.0008084384826,226.22414704916858,38052200
2024-08-29,228.0802459716797,231.18696212304621,227.1770283167567,228.3879521456165,51906300
2024-08-30,227.29612731933594,228.68570457235603,225.78743262658827,228.4772755570311,52990800
2024-09-03,221.1124725341797,227.29611365629745,219.52437135882835,226.84946493362216,50190600
2024-09-04,219.2067413330078,220.12981427069212,215.8618059815911,220.0107119936371,43840200
2024-09-05,220.7253875732422,223.80231295165626,219.87178579311316,219.9809679444758,36615400
2024-09-06,219.17698669433594,223.56409767944487,218.13479623481732,222.28368749781316,48423000
2024-09-09,219.2663116455078,219.62363365317324,215.0975649862482,219.17698492990527,67180000
2024-09-10,218.47227478027344,219.83207646515766,215.1174187834135,217.29112653781655,51591000
2024-09-11,221.00331115722656,221.4301044903715,216.26879790334314,219.81224273641337,44587100
2024-09-12,221.1124725341797,221.88666769221828,218.18442519080247,220.8444772424724,37455600
2024-09-13,220.844482421875,222.37301734416337,220.25887596851652,221.91644846858938,36766600
2024-09-16,214.7104949951172,215.60379255643394,212.32834292284386,214.92884416844979,59357400
2024-09-17,215.17697143554688,215.28615358843467,212.904016801209,214.14471619981742,45519300
2024-09-18,219.04794311523438,221.05291740528648,215.92137182236397,215.931307109631,59894900
2024-09-19,227.1670684814453,228.11001204196916,222.9586262544957,223.31594824973243,66781300
2024-09-20,226.5020751953125,231.3556905514529,225.92638886705737,228.2589097535001,318679900
2024-09-23,224.7849578857422,227.74278104335218,224.12986496132828,225.64847983003366,54146000
2024-09-24,225.6782684326172,227.64354731931365,224.05047131587074,226.94874349226038,43556100
2024-09-25,224.68569946289062,225.59885242729763,222.3531936181764,223.2564112941643,42308700
2024-09-26,225.8271484375,226.79985253593196,223.73284722402752,225.608784129346,36636700
2024-09-27,226.09512329101562,227.81226214161182,225.6087788258606,226.7601514881057,34026000
2024-09-30,231.26637268066406,231.26637268066406,227.94129216556473,228.32838978012126,54541900
2024-10-01,224.52691650390625,227.9413088473138,222.07529305054217,227.8122863965236,63285000
2024-10-02,225.0926513671875,225.67825786117984,221.36063294746157,224.2092739820147,32880600
2024-10-03,223.99087524414062,225.12239234050705,221.65836976978886,223.46481998018766,34044200
2024-10-04,225.11248779296875,226.3035561118749,222.46235586119454,226.20429410810965,37245100
2024-10-07,220.04051208496094,224.01074997862722,219.68319006872073,222.8296017820206,39505400
2024-10-08,224.09014892578125,224.29857792676054,221.58889489724396,222.63108533790577,31855700
2024-10-09,227.8321075439453,228.04055170887608,223.1571606453159,223.554178398676,33591100
2024-10-10,227.33584594726562,227.7924300308487,225.47976432683006,226.08522629350668,28183500
2024-10-11,225.85691833496094,227.70307961960657,225.6484741750507,227.5938974682738,31759200
2024-10-14,229.57899475097656,230.00578802790554,226.89908737082214,226.998334224751,39882100
2024-10-15,232.11004638671875,235.7229623804217,230.6410474142004,231.87182665313995,64751400
2024-10-16,230.055419921875,230.39288648800354,228.1298522341637,229.87676649695567,34082200
2024-10-17,230.4226837158203,232.11004699556463,228.8048220166126,231.69315867439417,32993800
2024-10-18,233.25144958496094,234.42266235996354,232.26881036633287,234.42266235996354,46431500
2024-10-21,234.720458984375,235.08771628667242,232.7055644739604,232.7055644739604,36254500
2024-10-22,234.1051025390625,234.46242459274853,230.86936376892484,232.1497589598997,38846600
2024-10-23,229.04302978515625,233.39044533687328,226.0653512199268,232.33833466706656,52287000
2024-10-24,228.85447692871094,229.10261683162435,226.71054453267715,228.26885524743938,31109500
2024-10-25,229.68817138671875,231.48470145399645,227.8618657494506,228.03059902781462,38802300
2024-10-28,231.6633758544922,232.98348177622344,230.81970938626554,231.5839844241638,36087100
2024-10-29,231.93138122558594,232.5864741436605,230.59143496071306,231.36563017470797,35417200
2024-10-30,228.38792419433594,231.7328445287285,227.84201349481597,230.87924283818487,47070900
2024-10-31,224.2291259765625,228.11995749798112,223.69313535160188,227.63359787833264,64370100
2024-11-01,221.25144958496094,223.67329727363756,218.63109301833273,219.32588166379162,65276700
2024-11-04,220.35812377929688,221.13231895883285,218.0752491010658,219.34572401852256,44944500
2024-11-05,221.78741455078125,222.28369429475046,219.49460455688452,220.14969745378525,28111300
2024-11-06,221.06283569335938,224.38791581537038,219.54422098922427,220.95365355112233,54561100
2024-11-07,225.78741455078125,226.18444740932767,222.8990781242877,222.95862926675593,42137700
2024-11-08,225.51913452148438,227.2083389148385,224.9726232043034,225.72779283046052,38328800
2024-11-11,222.8064727783203,224.26714170400084,220.0938084143074,223.57158868270503,42005600
2024-11-12,222.8064727783203,224.15783943194586,221.9420008205612,223.12444853772337,40398300
2024-11-13,223.69082641601562,225.2111120360391,221.34580821096,222.58787261698694,48566200
2024-11-14,226.7711639404297,227.41703140021204,223.57160465201176,223.59148192887395,44923900
2024-11-15,223.57159423828125,225.47940335635096,222.8462328667566,224.96270031544069,47923700
2024-11-18,226.5724334716797,228.28151537171908,223.74052045447314,223.82001439888424,44633700
2024-11-19,226.83074951171875,228.69881907074455,225.22103903072198,225.53899960732684,36211800
2024-11-20,227.54620361328125,228.4702922716314,224.45594670445817,226.61216873586113,35169600
2024-11-21,227.0692596435547,228.6988476019872,224.27710117470866,227.42697481306035,42108300
2024-11-22,228.41067504882812,229.25528492407807,226.61216818417898,226.61216818417898,38168300
2024-11-25,231.39163208007812,231.76922452168117,228.2815130321861,229.99059491471002,90152800
2024-11-26,233.56773376464844,234.07450576495518,231.8487208075284,231.8487208075284,45986200
2024-11-27,233.43853759765625,234.1937224347506,232.32565277909848,232.9814664022851,33498400
2024-11-29,235.82330322265625,236.3002516789311,232.48463370489634,233.3192972938568,28481400
2024-12-02,238.06895446777344,239.26133321145704,235.654388648958,235.76369091824088,48137100
2024-12-03,241.10955810546875,241.21886038950058,237.38336455245664,238.28759116018182,38861000
2024-12-04,241.46725463867188,242.56027739454964,239.7184333911867,241.32814402991647,44383900
2024-12-05,241.49705505371094,242.98753231090083,240.59284370740727,242.4410361127995,40033900
2024-12-06,241.29832458496094,243.0769692456264,240.5431549096241,241.36788746709487,36870600
2024-12-09,245.18350219726562,245.67039687977774,240.21524480725012,240.29473874492055,44649200
2024-12-10,246.19703674316406,246.63424582967986,243.7824557106041,245.32261857013248,36914800
2024-12-11,244.92515563964844,249.2077910379196,244.69660488558225,246.38582450957213,45205800
2024-12-12,246.3858184814453,247.1608653940442,244.1202792424049,245.32260415969785,32777500
2024-12-13,246.55474853515625,247.70737273801882,244.67674782957272,246.24671899982582,33155300
2024-12-16,249.4462432861328,249.78409628857773,246.07776561283137,246.41561861527626,51694800
2024-12-17,251.8707733154297,252.21855739876366,248.19426586582333,248.49236434269267,51356400
2024-12-18,246.4752655029297,252.6657103008961,246.1672359539693,250.55917390522964,56774100
2024-12-19,248.20419311523438,250.400169527173,245.5213371883983,245.92873792847348,60882300
2024-12-20,252.87435913085938,253.3811159043778,244.13022347118752,246.46529524609687,147495300
2024-12-23,253.64942932128906,254.02700659111463,251.84097626600598,253.15260355822258,40858800
2024-12-24,256.5608215332031,256.5707374276886,253.66927695641888,253.868019379837,23234700
2024-12-26,257.3756103515625,258.44877099351584,255.99445048269988,256.5508929178466,27237100
2024-12-27,253.9673614501953,257.0576331183779,251.45342458389948,256.1931309155478,42355300
2024-12-30,250.59889221191406,251.8906421270002,249.15810064436016,250.6287005424076,35557500
2024-12-31,248.83021545410156,251.6720594492945,247.84649497663966,250.83739579916153,39480700
